/*
Navicat MySQL Data Transfer

Source Server         : localhost
Source Server Version : 50022
Source Host           : localhost:3306
Source Database       : game

Target Server Type    : MYSQL
Target Server Version : 50022
File Encoding         : 65001

Date: 2014-10-09 20:52:04
*/

SET FOREIGN_KEY_CHECKS=0;
-- ----------------------------
-- Table structure for `agent`
-- ----------------------------
DROP TABLE IF EXISTS `agent`;
CREATE TABLE `agent` (
  `uuid` varchar(40) NOT NULL default '',
  `point` double default '0',
  `commissionPer` double default NULL,
  `rebate` double default NULL,
  `onlyRead` int(1) default '0',
  `parentId` varchar(40) default NULL,
  `moneyPwd` varchar(40) default NULL,
  PRIMARY KEY  (`uuid`)
) ENGINE=InnoDB DEFAULT CHARSET=utf8;

-- ----------------------------
-- Records of agent
-- ----------------------------
INSERT INTO `agent` VALUES ('07dd00c7-9736-48dd-a3ce-eb9de078d226', '0', '14', '20', '0', '5b60e302-72b7-4288-ad00-059a9b362fe2', null);
INSERT INTO `agent` VALUES ('08eb8f6b-c46e-456f-bfca-48b861d0a6c6', '0', '1', '1', '0', 'c6811ead-29d3-4e80-8781-3577df619fb0', null);
INSERT INTO `agent` VALUES ('5b60e302-72b7-4288-ad00-059a9b362fe2', '0', '11', '0', '0', 'manager', null);
INSERT INTO `agent` VALUES ('c581fc82-bfb8-4bef-8702-730bff356fd8', '0', '12', '22', '0', '5b60e302-72b7-4288-ad00-059a9b362fe2', null);
INSERT INTO `agent` VALUES ('c6811ead-29d3-4e80-8781-3577df619fb0', '0', '0', '12', '0', 'd2189954-af09-43a7-ad5e-ed55e3fdbd44', null);
INSERT INTO `agent` VALUES ('d2189954-af09-43a7-ad5e-ed55e3fdbd44', '0', '15', '0', '0', 'manager', null);
INSERT INTO `agent` VALUES ('e003af3b-b642-4906-b6ea-ecd7d978e7c7', '0', '0', '21', '0', 'd2189954-af09-43a7-ad5e-ed55e3fdbd44', null);

-- ----------------------------
-- Table structure for `bet`
-- ----------------------------
DROP TABLE IF EXISTS `bet`;
CREATE TABLE `bet` (
  `uuid` varchar(40) NOT NULL,
  `productId` bigint(20) default NULL,
  `username` varchar(40) default NULL,
  `gameRecordId` bigint(20) default NULL,
  `orderNumber` bigint(20) default NULL,
  `tableId` int(8) default NULL,
  `stage` int(8) default NULL,
  `inning` int(8) default NULL,
  `gameNameId` int(8) default NULL,
  `gameBettingKind` int(8) default NULL,
  `resultType` int(8) default NULL,
  `bettingAmount` double default NULL,
  `compensateRate` double default NULL,
  `winLoseAmount` double default NULL,
  `balance` double default NULL,
  `platformId` int(8) default NULL,
  `addTime` bigint(20) default NULL,
  `vendorId` bigint(20) default NULL,
  PRIMARY KEY  (`uuid`)
) ENGINE=InnoDB DEFAULT CHARSET=utf8;

-- ----------------------------
-- Records of bet
-- ----------------------------
INSERT INTO `bet` VALUES ('022f45dd-7313-4e52-af26-ef5b4f616d3d', '4568', 'player2116', '9438160', '100003190', '5', '3', '3', '11', '102', '1', '20', '0.95', '-20', '880', '1', '1410246962000', '1410246995721');
INSERT INTO `bet` VALUES ('028e0e26-5864-4c24-b460-07f5ebef5fe1', '4600', 'hj20qaz123', '9489506', '300000113', '1', '11', '29', '13', '22', '1', '30', '0', '-30', '1216', '1', '1410556810000', '1410556868379');
INSERT INTO `bet` VALUES ('044becaa-7a7b-4ed3-8726-94021f8a8453', '4521', 'hj20qaz123', '9411898', '100003174', '1', '5', '15', '11', '102', '2', '100', '0.95', '95', '1417.5', '1', '1410068595000', '1410068642532');
INSERT INTO `bet` VALUES ('057fe782-2f23-4e40-82ae-5b20d10c2d29', '4652', '4540_hj20wang888999', '9519476', '100003221', '1', '1', '29', '11', '101', '2', '20', '1', '20', '5123.25', '1', '1410738824000', '1410738872331');
INSERT INTO `bet` VALUES ('05e8c418-3ce7-40b3-ab0a-9cf31f084cd6', '4597', 'hj20qaz123', '9489379', '100003200', '4', '18', '32', '11', '102', '1', '5', '0.95', '-5', '1446', '1', '1410556007000', '1410556048645');
INSERT INTO `bet` VALUES ('0677c4eb-51d0-4811-b807-8f6f45e0e842', '19370', 'cs008', '9816953', '100014638', '1', '3', '40', '11', '102', '1', '20', '0.95', '-20', '38770', '0', '1412564849000', '1412564942512');
INSERT INTO `bet` VALUES ('071ab133-74f5-4089-8f04-a5b33f70fa0c', '4596', 'hj20qaz123', '9489379', '100003200', '4', '18', '32', '11', '103', '1', '5', '8', '-5', '1446', '1', '1410556007000', '1410556048644');
INSERT INTO `bet` VALUES ('07e527bd-a66c-4d17-9de5-64146e1f4997', '4514', 'hj20qaz123', '9410979', '100003167', '2', '4', '8', '11', '102', '1', '100', '0.95', '-100', '1185', '1', '1410019985000', '1410063254089');
INSERT INTO `bet` VALUES ('08688239-aadd-4cfb-8edd-f89496cd43af', '4576', 'zxcv12345', '9441443', '600000126', '1', '4', '4', '16', '28', '1', '40', '0', '-40', '8909268.5', '1', '1410269547000', '1410269659395');
INSERT INTO `bet` VALUES ('0941fa76-79ba-46c5-80df-f42fab4f91cc', '4641', '4540_hj20wang888999', '9514373', '100003216', '4', '14', '8', '11', '105', '1', '5', '11', '-5', '5074.25', '1', '1410706298000', '1410706335283');
INSERT INTO `bet` VALUES ('0948da6b-2f12-47f9-aabc-0a7c332d7a2f', '17669', 'testmember', '9748505', '100013295', '5', '5', '51', '11', '101', '2', '10', '1', '10', '695238', '1', '1412095795000', '1412139031497');
INSERT INTO `bet` VALUES ('0ae10397-6aee-4835-949d-a1e6a17f88b4', '15419', 'o140929022102585', '9714571', '100011491', '7', '15', '50', '11', '102', '2', '50', '0.95', '47.5', '115', '1', '1411928740000', '1411928786645');
INSERT INTO `bet` VALUES ('0c1fb34b-8388-4b64-8a81-e129e63ad2b9', '4511', 'hj20qaz123', '9410913', '100003164', '1', '4', '16', '11', '102', '2', '100', '0.95', '95', '1290', '1', '1410019613000', '1410062876004');
INSERT INTO `bet` VALUES ('0fe4bf49-8908-4bd1-b282-e2bbc5ec8762', '4588', 'hj20qaz123', '9489280', '100003196', '4', '18', '24', '11', '102', '1', '25', '0.95', '-25', '1401.5', '1', '1410555473000', '1410555516267');
INSERT INTO `bet` VALUES ('10277325-7894-414a-9c22-fedc657ecdf3', '4507', 'zxcv12345', '9403389', '100003160', '6', '13', '43', '11', '101', '2', '600', '1', '600', '8909488', '1', '1410016050000', '1410016084337');
INSERT INTO `bet` VALUES ('10babffa-bd6e-4349-9c25-220e9ec3a089', '19446', 'cs008', '9817709', '100014708', '1', '4', '26', '11', '101', '2', '10', '1', '10', '39786.5', '0', '1412525971000', '1412569261684');
INSERT INTO `bet` VALUES ('12694f52-9337-4f56-9af9-0a123e186894', '4611', '4528_hj20wang89', '9501594', '100003205', '5', '15', '56', '11', '102', '1', '5', '0.95', '-5', '85', '1', '1410629502000', '1410629540378');
INSERT INTO `bet` VALUES ('126e635d-b56e-4f3c-a28d-7c50ed71b6cc', '4541', 'zxcv12345', '9422305', '600000116', '1', '1', '8', '16', '26', '2', '20', '0', '9.5', '8910232.5', '1', '1410132059000', '1410132150536');
INSERT INTO `bet` VALUES ('12e5d3c5-e2de-4a50-98d3-7fd706787046', '4575', 'zxcv12345', '9441382', '600000125', '1', '4', '1', '16', '5', '2', '20', '0.5', '19', '8909308.5', '1', '1410269094000', '1410269212154');
INSERT INTO `bet` VALUES ('13e9ad28-34aa-4e0b-a7cd-5e1a35db5878', '4622', '4534_hj20eeerrr', '9509478', '200000441', '1', '6', '45', '12', '201', '1', '1000', '1', '-1000', '45184', '1', '1410678090000', '1410678122960');
INSERT INTO `bet` VALUES ('1537b7c8-f2b3-4d2d-9abe-d623f17755f5', '4617', '4534_hj20eeerrr', '9509434', '400000650', '1', '6', '36', '14', '13', '1', '300', '50', '-300', '1559', '1', '1410677824000', '1410677852696');
INSERT INTO `bet` VALUES ('1746f0d2-cd51-44e9-a5d7-bde5c98b17b5', '15453', 'o140929020140115', '9714672', '400001919', '1', '13', '77', '14', '6', '2', '400', '6', '300', '7149', '1', '1411929315000', '1411929353271');
INSERT INTO `bet` VALUES ('184913ee-ac8c-4ddc-9ad2-8a4b1184e25f', '4522', 'hj20qaz123', '9411911', '100003175', '1', '5', '16', '11', '102', '1', '100', '0.95', '-100', '1317.5', '1', '1410068661000', '1410068753629');
INSERT INTO `bet` VALUES ('19c9e043-9587-4058-a7a7-fd3066aca560', '19630', 'cs008', '9818790', '100014863', '2', '5', '35', '11', '103', '1', '50', '8', '-50', '41652', '0', '1412575589000', '1412575654668');
INSERT INTO `bet` VALUES ('1b8f302b-9a09-40e6-8dea-38ffee4deb4a', '15456', 'o140929020140115', '9714680', '400001921', '1', '13', '78', '14', '9', '2', '300', '8', '600', '7749', '1', '1411929379000', '1411929416556');
INSERT INTO `bet` VALUES ('1bf8d3db-b2f0-4ad7-a237-c3200fb10ec2', '4613', '4534_hj20eeerrr', '9509363', '100003207', '1', '5', '60', '11', '104', '1', '151', '11', '-151', '960', '1', '1410677393000', '1410677474761');
INSERT INTO `bet` VALUES ('1ca20b9f-cf72-4fe7-8bdd-ecaff29f7b6d', '19373', 'cs008', '9816972', '100014641', '1', '3', '41', '11', '102', '2', '20', '0.95', '19', '38789', '0', '1412564961000', '1412565013188');
INSERT INTO `bet` VALUES ('1cd0bb7b-44a3-4fe6-bd5c-5396d7f96152', '19460', 'cs008', '9817816', '100014721', '4', '4', '66', '11', '102', '1', '20', '0.95', '-20', '39766.5', '0', '1412526596000', '1412569842567');
INSERT INTO `bet` VALUES ('201e6714-027f-4631-8469-ebeb4132d8ed', '4532', 'hj20qaz123', '9418062', '100003181', '5', '14', '24', '11', '102', '2', '30', '0.95', '28.5', '1412.5', '1', '1410104281000', '1410104328822');
INSERT INTO `bet` VALUES ('2036a040-52aa-4543-bc92-cc0a6236cf75', '4556', 'zxcv12345', '9435992', '400000640', '1', '16', '2', '14', '15', '2', '20', '1', '20', '8910349.5', '1', '1410211864000', '1410211894644');
INSERT INTO `bet` VALUES ('207be2ce-f4ca-4913-b924-5e4e5b3a6e65', '18425', 'testmember2', '9780668', '100013881', '1', '8', '9', '11', '102', '1', '20', '0.95', '-20', '380', '1', '1412332736000', '1412332787893');
INSERT INTO `bet` VALUES ('219baba2-7fc0-4484-b6ba-bd4331ed3b1d', '4561', 'zxcv12345', '9436040', '400000645', '1', '16', '6', '14', '44', '1', '40', '5', '-40', '8910309.5', '1', '1410212115000', '1410212148855');
INSERT INTO `bet` VALUES ('23474f46-6ae2-4c01-aed1-c81145b248d6', '4510', 'hj20qaz123', '9410898', '100003163', '1', '4', '15', '11', '102', '2', '100', '0.95', '95', '1195', '1', '1410019518000', '1410062789598');
INSERT INTO `bet` VALUES ('23b98221-7581-48b7-9a2f-07754a3abb17', '4545', 'zxcv12345', '9422305', '600000120', '1', '1', '8', '16', '27', '1', '60', '0', '-1', '8910390.5', '1', '1410132068000', '1410132150540');
INSERT INTO `bet` VALUES ('25229fcd-3657-4fd6-883d-4d55b225b51e', '4505', 'hj20dddfff', '9385094', '100003158', '2', '6', '29', '11', '101', '2', '100', '1', '100', '331', '1', '1409905127000', '1409905175207');
INSERT INTO `bet` VALUES ('259f5471-1627-4e22-b761-6deeba6ee58e', '19383', 'cs008', '9817041', '100014650', '5', '4', '26', '11', '102', '2', '30', '0.95', '28.5', '38776.5', '0', '1412565370000', '1412565402206');
INSERT INTO `bet` VALUES ('277eac56-750b-48ab-ad5a-dd869786ac56', '4543', 'zxcv12345', '9422305', '600000118', '1', '1', '8', '16', '32', '3', '40', '0', '0', '8910302', '1', '1410132064000', '1410132150538');
INSERT INTO `bet` VALUES ('28901cdb-54cc-42d5-8eb8-01c8930a3bde', '4607', 'hj20qaz123', '9500394', '100003202', '1', '11', '28', '11', '104', '2', '5', '11', '55', '4740.5', '1', '1410622619000', '1410622661850');
INSERT INTO `bet` VALUES ('29d51ce0-c265-4ce8-b24c-8f393a44eb67', '10276', 'cs008', '9634901', '100007337', '5', '4', '50', '11', '101', '1', '1000', '1', '-1000', '19600', '1', '1411402006000', '1411445252225');
INSERT INTO `bet` VALUES ('2a76f511-a491-4ad0-a46a-67527422f485', '19375', 'cs008', '9816999', '100014643', '1', '3', '43', '11', '102', '1', '20', '0.95', '-20', '38729', '0', '1412565101000', '1412565178729');
INSERT INTO `bet` VALUES ('2b9209bc-9519-4abf-b297-2181792ba8cd', '18423', 'testmember21', '9780423', '100013879', '1', '7', '62', '11', '102', '2', '50', '0.95', '47.5', '9995', '1', '1412331325000', '1412331377290');
INSERT INTO `bet` VALUES ('2e8cc672-9440-4d94-97c5-277e15fd57fb', '4634', '4534_hj20eeerrr', '9509643', '100003214', '5', '7', '43', '11', '102', '2', '1000', '0.95', '950', '44534', '1', '1410679022000', '1410679061904');
INSERT INTO `bet` VALUES ('305e73cd-2b8f-448d-98f9-d0da8b10f589', '19575', 'cs006', '9818535', '100014812', '3', '6', '25', '11', '101', '2', '2000', '1', '2000', '24100', '0', '1412574058000', '1412574092170');
INSERT INTO `bet` VALUES ('30919af7-2a93-4c68-afbe-e05e5a4e449e', '24331', 'cs008', '9834876', '100018527', '6', '8', '34', '11', '101', '1', '1000', '1', '-1000', '40819', '0', '1412672906000', '1412672942648');
INSERT INTO `bet` VALUES ('32c9803f-550b-40f4-973e-ba5909d47a29', '15415', 'o140929022102585', '9714558', '100011487', '7', '15', '49', '11', '102', '1', '1000', '0.95', '-1000', '67.5', '1', '1411928653000', '1411928699334');
INSERT INTO `bet` VALUES ('32e8aa75-61a7-4c1b-91df-e639db1e3dbf', '4618', '4534_hj20eeerrr', '9509460', '200000437', '1', '6', '43', '12', '202', '1', '1650', '1', '-825', '50634', '1', '1410677982000', '1410678008728');
INSERT INTO `bet` VALUES ('3680b526-140f-4e9a-952a-1b241242b815', '15413', 'o140929022102585', '9714549', '100011484', '7', '15', '48', '11', '102', '2', '50', '0.95', '47.5', '1067.5', '1', '1411928591000', '1411928636603');
INSERT INTO `bet` VALUES ('37c17dab-4876-4714-ab1f-e441101438e7', '20654', 'cs006', '9822833', '100015746', '6', '11', '54', '11', '102', '1', '30', '0.95', '-30', '24100', '0', '1412599189000', '1412599223817');
INSERT INTO `bet` VALUES ('387edeee-b911-4d6c-acf9-21e95cfe8d0f', '4530', 'hj20qaz123', '9417914', '100003179', '7', '14', '2', '11', '102', '2', '10', '0.95', '9.5', '1394', '1', '1410103451000', '1410103490321');
INSERT INTO `bet` VALUES ('38c23dce-7dd0-4d44-b8e7-717876873f2c', '4581', 'zxcv12345', '9445734', '100003192', '5', '12', '51', '11', '102', '1', '200', '0.95', '-200', '8909072.83', '1', '1410294378000', '1410294410417');
INSERT INTO `bet` VALUES ('3942923a-db84-42ae-9b63-ed15ddb13741', '4528', 'hj20qaz123', '9417879', '300000111', '1', '9', '10', '13', '16', '1', '10', '0', '-10', '1384.5', '1', '1410103240000', '1410103306011');
INSERT INTO `bet` VALUES ('3982f2a7-4c40-4dba-b7c7-39b9d5bd54c8', '23297', 'cs006', '9831941', '100017722', '7', '4', '33', '11', '102', '1', '1000', '0.95', '-1000', '22040', '0', '1412612480000', '1412655721129');
INSERT INTO `bet` VALUES ('39cfa167-459b-43d3-abc4-afbd7ec7da4f', '4608', 'hj20qaz123', '9500394', '100003202', '1', '11', '28', '11', '102', '1', '20', '0.95', '-20', '4740.5', '1', '1410622619000', '1410622661851');
INSERT INTO `bet` VALUES ('3a6094fb-eca2-4d9d-a985-82166465d041', '4552', 'zxcv12345', '9435980', '400000636', '1', '16', '1', '14', '34', '1', '100', '24', '-100', '8910349.5', '1', '1410211800000', '1410211827932');
INSERT INTO `bet` VALUES ('3aea3891-d04b-4c3a-8422-981dcb556dee', '4605', 'hj20qaz123', '9500363', '100003201', '1', '11', '26', '11', '101', '1', '15', '1', '-15', '4705.5', '1', '1410622446000', '1410622526021');
INSERT INTO `bet` VALUES ('3b846b43-71b7-42e7-bec9-da5136522a30', '4526', 'hj20qaz123', '9417815', '400000629', '1', '12', '10', '14', '15', '2', '10', '1', '10', '1384.5', '1', '1410102807000', '1410102838105');
INSERT INTO `bet` VALUES ('3bce9027-1658-49dd-a5c0-3f7a53d8e789', '23712', 'cs006', '9832898', '100018025', '3', '6', '45', '11', '101', '1', '2000', '1', '-2000', '17070', '0', '1412661380000', '1412661429329');
INSERT INTO `bet` VALUES ('3cf67f90-02ec-4715-a0bd-44e80d94b29d', '4580', 'zxcv12345', '9441486', '600000130', '1', '4', '6', '16', '15', '1', '20', '0', '-20', '8909272.83', '1', '1410269817000', '1410269935823');
INSERT INTO `bet` VALUES ('3dc7ca65-f913-418a-abae-47e3db5f0438', '4539', 'zxcv12345', '9419494', '100003185', '2', '12', '39', '11', '102', '2', '500', '0.95', '475', '8910463', '1', '1410112611000', '1410112657444');
INSERT INTO `bet` VALUES ('3fb843dc-eec9-4b3d-9f7a-56e48cb06eca', '4585', 'player2116', '9467763', '100003194', '3', '9', '15', '11', '104', '1', '50', '11', '-50', '772.33', '1', '1410426168000', '1410426187802');
INSERT INTO `bet` VALUES ('406516e5-7e26-465d-a78d-6ef0aadeb659', '19631', 'cs008', '9818790', '100014863', '2', '5', '35', '11', '102', '1', '50', '0.95', '-50', '41652', '0', '1412575589000', '1412575654669');
INSERT INTO `bet` VALUES ('40c89b54-ebb1-4b6f-807a-630c1bd42c51', '4577', 'zxcv12345', '9441468', '600000127', '1', '4', '5', '16', '38', '2', '20', '0', '6.33', '8909254.83', '1', '1410269679000', '1410269776568');
INSERT INTO `bet` VALUES ('41817d7f-c712-4fb4-aa3e-4861ebbc86d2', '4573', 'player2116', '9438181', '400000646', '1', '3', '19', '14', '8', '2', '80', '6', '60', '860', '1', '1410247077000', '1410247107744');
INSERT INTO `bet` VALUES ('43a8a705-9f8a-48d9-b670-3075f8871b30', '19680', 'cs008', '9819050', '600000159', '1', '3', '60', '16', '11', '1', '50', '0', '-50', '41611.5', '0', '1412577098000', '1412577184919');
INSERT INTO `bet` VALUES ('487f1ea7-ff37-4c6c-909f-40cc22877b6f', '23668', 'cs006', '9832743', '100017995', '8', '5', '60', '11', '101', '2', '30', '1', '30', '21070', '0', '1412660454000', '1412660496010');
INSERT INTO `bet` VALUES ('4b3fe23f-f137-491a-88f3-15e8dce484ed', '13290', 'cs008', '9695378', '100009765', '3', '9', '29', '11', '101', '1', '10', '1', '-10', '38790', '1', '1411812071000', '1411812100567');
INSERT INTO `bet` VALUES ('4b4f1f95-f8f9-4df7-b370-f7d42395677b', '13173', 'cs006', '9692739', '100009650', '7', '6', '2', '11', '101', '2', '1000', '1', '1000', '21100', '1', '1411747200000', '1411796419818');
INSERT INTO `bet` VALUES ('4b7069c7-a5ec-4717-a584-6a01dbc06f72', '4637', '4540_hj20wang888999', '9514361', '100003215', '4', '14', '7', '11', '105', '1', '5', '11', '-5', '5090', '1', '1410706228000', '1410706260230');
INSERT INTO `bet` VALUES ('4ba33c09-c8f3-4e59-a60b-336a48b9734a', '4518', 'hj20qaz123', '9411845', '100003171', '1', '5', '12', '11', '102', '2', '50', '0.95', '47.5', '1327.5', '1', '1410068317000', '1410068401266');
INSERT INTO `bet` VALUES ('4c5ee92a-b002-43d5-ac1a-bc6050c2baa4', '13263', 'cs006', '9694877', '100009738', '6', '8', '27', '11', '101', '2', '1000', '1', '1000', '23100', '1', '1411809106000', '1411809156670');
INSERT INTO `bet` VALUES ('4cd981fc-dfd1-49ca-b6ba-430ca84b838d', '17662', 'testmember', '9748446', '400002050', '1', '4', '75', '14', '14', '3', '100', '1', '0', '695138', '1', '1412095436000', '1412138670347');
INSERT INTO `bet` VALUES ('4d84db07-0ab7-4a3d-9104-4b9d7662e9f9', '19376', 'cs008', '9816999', '100014644', '1', '3', '43', '11', '102', '1', '30', '0.95', '-30', '38729', '0', '1412565110000', '1412565178730');
INSERT INTO `bet` VALUES ('4dd952e3-4cde-49c5-9713-99b985a91517', '4623', '4534_hj20eeerrr', '9509478', '200000442', '1', '6', '45', '12', '201', '1', '4000', '1', '-4000', '45184', '1', '1410678095000', '1410678122961');
INSERT INTO `bet` VALUES ('4eeef840-7667-4711-97f1-f454a4d528c5', '4586', 'hj20qaz123', '9489269', '100003195', '4', '18', '23', '11', '102', '2', '10', '0.95', '9.5', '1401.5', '1', '1410555405000', '1410555449962');
INSERT INTO `bet` VALUES ('501ab8fd-c6b0-4f37-affe-7b32cbd06aaa', '4626', '4534_hj20eeerrr', '9509499', '200000445', '1', '6', '47', '12', '201', '1', '5000', '1', '-2500', '40184', '1', '1410678210000', '1410678231903');
INSERT INTO `bet` VALUES ('501de692-94f5-41ca-ab7e-3bae001dae65', '4620', '4534_hj20eeerrr', '9509471', '200000439', '1', '6', '44', '12', '201', '2', '500', '1', '500', '50184', '1', '1410678038000', '1410678068028');
INSERT INTO `bet` VALUES ('50b1ca6b-e85a-4051-a0a8-896bc766fc63', '4560', 'zxcv12345', '9436026', '400000644', '1', '16', '5', '14', '47', '1', '20', '5', '-20', '8910349.5', '1', '1410212055000', '1410212085130');
INSERT INTO `bet` VALUES ('50d48c89-8ecf-4f51-a216-85117077a25a', '4589', 'hj20qaz123', '9489280', '100003196', '4', '18', '24', '11', '101', '2', '25', '1', '25', '1401.5', '1', '1410555473000', '1410555516268');
INSERT INTO `bet` VALUES ('51cb0d74-768a-4dd4-a10a-f57a6bd83095', '4606', 'hj20qaz123', '9500363', '100003201', '1', '11', '26', '11', '105', '1', '5', '11', '-5', '4705.5', '1', '1410622446000', '1410622526022');
INSERT INTO `bet` VALUES ('528db5d8-1830-43f5-82f4-fb5107dd11d1', '15439', 'o140929022102585', '9714631', '100011510', '7', '15', '55', '11', '101', '1', '50', '1', '-50', '160', '1', '1411929073000', '1411929109297');
INSERT INTO `bet` VALUES ('548bcb3b-4b3c-4a63-a0d6-962965897f6b', '24402', 'cs008', '9835110', '100018594', '3', '9', '43', '11', '101', '2', '1000', '1', '1000', '41819', '0', '1412674264000', '1412674306668');
INSERT INTO `bet` VALUES ('55f2a2d9-f752-419f-a390-d629dff1a687', '17661', 'testmember', '9748437', '400002049', '1', '4', '74', '14', '14', '3', '40', '1', '0', '695138', '1', '1412095368000', '1412138610138');
INSERT INTO `bet` VALUES ('56e616d1-984e-4713-87ca-99ebcd3402a4', '15443', 'o140929022102585', '9714644', '200000519', '2', '14', '70', '12', '202', '2', '20', '1', '20', '180', '1', '1411929162000', '1411929179041');
INSERT INTO `bet` VALUES ('5739458e-3fb6-420c-bd32-e220f7dea817', '4615', '4534_hj20eeerrr', '9509412', '400000648', '1', '6', '34', '14', '13', '1', '50', '50', '-50', '859', '1', '1410677685000', '1410677724352');
INSERT INTO `bet` VALUES ('57e04860-a54d-4a17-b95c-e98bd45318da', '15408', 'o140929022102585', '9714530', '400001918', '1', '13', '65', '14', '15', '2', '20', '1', '20', '1020', '1', '1411928500000', '1411928529630');
INSERT INTO `bet` VALUES ('581090c1-e5a7-4ebd-85c3-dc02b60daa5b', '4594', 'hj20qaz123', '9489343', '100003199', '4', '18', '29', '11', '105', '1', '5', '11', '-5', '1461', '1', '1410555819000', '1410555848063');
INSERT INTO `bet` VALUES ('58801369-0de9-4141-889a-442139a4c53d', '24137', 'cs006', '9834322', '100018346', '4', '8', '9', '11', '101', '3', '3000', '1', '0', '15070', '0', '1412669725000', '1412669775429');
INSERT INTO `bet` VALUES ('5939e645-160e-4df5-87bb-0f0e279d2cb0', '19701', 'cs008', '9819120', '600000162', '1', '3', '63', '16', '11', '1', '50', '0', '-50', '41654', '0', '1412577465000', '1412577556997');
INSERT INTO `bet` VALUES ('5b841291-7aeb-4d2c-b42b-9f3ece24a428', '4629', '4534_hj20eeerrr', '9509630', '100003209', '5', '7', '42', '11', '101', '2', '1000', '1', '1000', '32784', '1', '1410678954000', '1410679000394');
INSERT INTO `bet` VALUES ('5b98f4de-a228-4769-8d15-7d8c3b6274ef', '4566', 'player2116', '9438160', '100003188', '5', '3', '3', '11', '102', '1', '40', '0.95', '-40', '880', '1', '1410246948000', '1410246995719');
INSERT INTO `bet` VALUES ('5bf3f084-52a3-4753-9c4b-df3876e99b46', '19639', 'cs008', '9818829', '100014870', '4', '6', '7', '11', '102', '2', '10', '0.95', '9.5', '41661.5', '0', '1412575821000', '1412575850370');
INSERT INTO `bet` VALUES ('5d0d48f2-5a01-48a7-b728-b88bb90e549d', '17660', 'testmember', '9748426', '400002048', '1', '4', '73', '14', '15', '2', '20', '1', '20', '695138', '1', '1412095322000', '1412138550185');
INSERT INTO `bet` VALUES ('5fe6877f-2d1b-41f4-9e7e-d8a1b83a4331', '19478', 'cs008', '9817941', '100014738', '3', '5', '43', '11', '102', '2', '1000', '0.95', '950', '41716.5', '0', '1412527367000', '1412570600093');
INSERT INTO `bet` VALUES ('600726b1-2a3a-4e42-8760-f112f286ed62', '19958', 'cs008', '9819939', '100015161', '1', '6', '38', '11', '102', '2', '100', '0.95', '95', '41699', '0', '1412582345000', '1412582416409');
INSERT INTO `bet` VALUES ('61140931-4b0b-41bb-b0f1-a2f143d861f1', '4548', 'zxcv12345', '9422305', '600000123', '1', '1', '8', '16', '35', '1', '40', '0', '-40', '8910469.5', '1', '1410132076000', '1410132150543');
INSERT INTO `bet` VALUES ('6124940e-7f7a-4561-aafe-445f8c68b19e', '15346', 'o140929020140115', '9714344', '100011433', '1', '13', '5', '11', '102', '2', '20', '0.95', '19', '419', '1', '1411927311000', '1411927387879');
INSERT INTO `bet` VALUES ('612d8f46-c593-4a95-9dd5-6f7ff7477309', '15447', 'o140929020140115', '9714652', '600000141', '1', '8', '7', '16', '24', '2', '1000', '0', '950', '6849', '1', '1411929188000', '1411929281162');
INSERT INTO `bet` VALUES ('6133db4e-2bd6-4b92-89d7-a653057f5f54', '4553', 'zxcv12345', '9435992', '400000637', '1', '16', '2', '14', '20', '1', '60', '1', '-20', '8910109.5', '1', '1410211863000', '1410211894641');
INSERT INTO `bet` VALUES ('62a8234c-8a5c-4dc8-aefb-1c328e0b31b2', '15417', 'o140929020140115', '9714563', '100011489', '4', '16', '30', '11', '102', '1', '1000', '0.95', '-1000', '3049', '1', '1411928699000', '1411928742569');
INSERT INTO `bet` VALUES ('62ee8b0b-2a5d-4e00-9a9f-64744cc50c67', '4624', '4534_hj20eeerrr', '9509488', '200000443', '1', '6', '46', '12', '201', '1', '4000', '1', '-2000', '42184', '1', '1410678143000', '1410678177714');
INSERT INTO `bet` VALUES ('639f630c-f188-4c1a-bc41-81c72720dac3', '10256', 'test9', '9634589', '200000497', '1', '3', '77', '12', '202', '2', '10', '1', '10', '10010', '1', '1411443430000', '1411443443329');
INSERT INTO `bet` VALUES ('655924b4-c4c9-4d8e-ba50-51f802677134', '4604', 'hj20qaz123', '9500363', '100003201', '1', '11', '26', '11', '102', '2', '10', '0.95', '9.5', '4705.5', '1', '1410622446000', '1410622526020');
INSERT INTO `bet` VALUES ('6591f480-42d8-4d02-a337-5a8ab0da2ebc', '4554', 'zxcv12345', '9435992', '400000638', '1', '16', '2', '14', '21', '3', '80', '1', '0', '8910189.5', '1', '1410211863000', '1410211894642');
INSERT INTO `bet` VALUES ('66277c9c-6872-4416-8ea3-9194b383f213', '15420', 'o140929020140115', '9714576', '100011492', '4', '16', '31', '11', '102', '2', '1000', '0.95', '950', '3999', '1', '1411928763000', '1411928808053');
INSERT INTO `bet` VALUES ('669f20ba-ccac-41d3-9603-071a36334ace', '4516', 'hj20qaz123', '9411829', '100003169', '1', '5', '11', '11', '102', '1', '5', '0.95', '-5', '1080', '1', '1410068207000', '1410068295360');
INSERT INTO `bet` VALUES ('687e00bd-18db-490e-a18d-c11a65981511', '4529', 'hj20qaz123', '9417879', '300000112', '1', '9', '10', '13', '25', '1', '10', '0', '-10', '1384.5', '1', '1410103242000', '1410103306012');
INSERT INTO `bet` VALUES ('69cb4a55-138f-4aa8-a3d9-4b162886d5aa', '4627', '4534_hj20eeerrr', '9509509', '200000446', '1', '6', '48', '12', '202', '1', '5000', '1', '-5000', '35184', '1', '1410678264000', '1410678290251');
INSERT INTO `bet` VALUES ('6a66c0e7-7a11-451e-8312-e378f72bee54', '4558', 'zxcv12345', '9436017', '400000642', '1', '16', '4', '14', '15', '1', '20', '1', '-20', '8910269.5', '1', '1410211982000', '1410212021829');
INSERT INTO `bet` VALUES ('6c38f905-62db-43f2-8ace-1c17c3e355a7', '4640', '4540_hj20wang888999', '9514373', '100003216', '4', '14', '8', '11', '101', '1', '20', '1', '-20', '5074.25', '1', '1410706298000', '1410706335282');
INSERT INTO `bet` VALUES ('6cf3ae7c-53a6-4bfe-9af8-b782d2e25472', '4519', 'hj20qaz123', '9411867', '100003172', '1', '5', '13', '11', '102', '2', '100', '0.95', '95', '1422.5', '1', '1410068421000', '1410068489462');
INSERT INTO `bet` VALUES ('6dff1518-1215-4948-a353-060bfe7b4ea1', '4610', '4528_hj20wang89', '9501583', '100003204', '5', '15', '55', '11', '101', '1', '10', '1', '-10', '90', '1', '1410629428000', '1410629476830');
INSERT INTO `bet` VALUES ('6e53feaa-68d6-4e59-8d21-f53555716324', '13184', 'cs006', '9692895', '100009661', '4', '5', '61', '11', '101', '2', '1000', '1', '1000', '22100', '1', '1411797420000', '1411797456858');
INSERT INTO `bet` VALUES ('6e82dd27-3b2c-491d-a586-a03984bcd646', '4609', '1_hj20qaz123', '9501542', '100003203', '5', '15', '51', '11', '101', '2', '80', '1', '80', '1080', '1', '1410629195000', '1410629223892');
INSERT INTO `bet` VALUES ('6eae7768-54ba-4992-86a5-26f6c79b192f', '15392', 'o140929020140115', '9714482', '100011467', '4', '16', '23', '11', '101', '1', '100', '1', '-100', '269', '1', '1411928176000', '1411928214320');
INSERT INTO `bet` VALUES ('71134f63-a3a9-4dd1-ac5a-dce6f015f79d', '19374', 'cs008', '9816999', '100014643', '1', '3', '43', '11', '103', '1', '10', '8', '-10', '38729', '0', '1412565101000', '1412565178728');
INSERT INTO `bet` VALUES ('71bdde1c-485c-4f9b-950d-a9127533fb8f', '15451', 'o140929022102585', '9714670', '200000522', '2', '14', '73', '12', '201', '2', '100', '1', '100', '400', '1', '1411929310000', '1411929344065');
INSERT INTO `bet` VALUES ('71c9cbb5-b92b-4227-8f0b-907c2ecf838f', '4584', 'player2116', '9467763', '100003193', '3', '9', '15', '11', '102', '1', '100', '0.95', '-100', '772.33', '1', '1410426156000', '1410426187801');
INSERT INTO `bet` VALUES ('746d0de9-ffa1-42f2-84ab-6f18d09b1ae1', '15431', 'o140929022102585', '9714606', '100011503', '7', '15', '53', '11', '101', '2', '50', '1', '50', '115', '1', '1411928931000', '1411928989159');
INSERT INTO `bet` VALUES ('77491c14-1c40-47e9-a6ba-50c07ff22ef4', '4538', 'hj20qaz123', '9419023', '100003184', '7', '15', '35', '11', '102', '2', '5', '0.95', '4.75', '1402', '1', '1410109847000', '1410109869809');
INSERT INTO `bet` VALUES ('775af54f-47cd-4dfe-a638-6611e32432ca', '15395', 'o140929020140115', '9714491', '100011470', '4', '16', '24', '11', '101', '2', '200', '1', '200', '469', '1', '1411928232000', '1411928285181');
INSERT INTO `bet` VALUES ('775ce78a-47f2-40e1-ab62-6e20d0e168a0', '4562', 'zxcv12345', '9436100', '100003186', '4', '18', '53', '11', '101', '2', '20', '1', '20', '8910289.5', '1', '1410212444000', '1410212479350');
INSERT INTO `bet` VALUES ('78c1da91-cb73-4410-a483-8d0588d3aea4', '4537', 'hj20qaz123', '9419015', '100003183', '7', '15', '34', '11', '102', '2', '5', '0.95', '4.75', '1397.25', '1', '1410109783000', '1410109810792');
INSERT INTO `bet` VALUES ('7b0f1d80-bd4c-4e4d-bed1-fb152e7459e0', '4654', '4540_hj20wang888999', '9519512', '100003222', '1', '1', '31', '11', '102', '2', '10', '0.95', '9.5', '5122.75', '1', '1410710400000', '1410739020121');
INSERT INTO `bet` VALUES ('7c88e6c3-96d2-495a-98a2-bb421f6bcb5c', '4551', 'zxcv12345', '9435966', '400000635', '1', '15', '80', '14', '15', '2', '20', '1', '20', '8910449.5', '1', '1410211710000', '1410211744241');
INSERT INTO `bet` VALUES ('7d8c5a49-3276-4b3f-87ec-85716646accb', '18819', 'testmember1', '9792732', '100014201', '5', '7', '19', '11', '102', '3', '500', '0.95', '0', '997.5', '0', '1412407932000', '1412407985614');
INSERT INTO `bet` VALUES ('7f1741fc-7b34-4594-968a-602413ae31a3', '4643', '4540_hj20wang888999', '9514384', '100003217', '4', '14', '9', '11', '105', '1', '5', '11', '-5', '5089.25', '1', '1410706366000', '1410706400965');
INSERT INTO `bet` VALUES ('80cc1d58-5a94-401b-af9b-cd140ebc4d18', '4650', '4540_hj20wang888999', '9519476', '100003221', '1', '1', '29', '11', '104', '1', '5', '11', '-5', '5123.25', '1', '1410738824000', '1410738872329');
INSERT INTO `bet` VALUES ('81299b1c-c99f-4190-a77e-59bbbe4cef41', '4557', 'zxcv12345', '9436004', '400000641', '1', '16', '3', '14', '21', '1', '100', '1', '-60', '8910289.5', '1', '1410211930000', '1410211958067');
INSERT INTO `bet` VALUES ('81302d5b-86f6-4656-9667-66e799e29893', '4646', '4540_hj20wang888999', '9519460', '100003220', '1', '1', '28', '11', '104', '2', '5', '11', '55', '5128.25', '1', '1410738731000', '1410738802591');
INSERT INTO `bet` VALUES ('817fff5a-461d-471b-b806-bc00e4155333', '19700', 'cs008', '9819120', '600000161', '1', '3', '63', '16', '11', '1', '50', '0', '-50', '41654', '0', '1412577457000', '1412577556996');
INSERT INTO `bet` VALUES ('81982268-28bf-4419-b5f3-a6347afe95e4', '4570', 'player2116', '9438174', '200000433', '1', '3', '13', '12', '203', '1', '40', '8', '-40', '800', '1', '1410247030000', '1410247055598');
INSERT INTO `bet` VALUES ('81b6c9d1-1689-42f7-9b46-18f870bd01b0', '18216', 'testmember11', '9777661', '100013689', '1', '5', '15', '11', '102', '1', '100', '0.95', '-100', '23', '1', '1412315158000', '1412315243698');
INSERT INTO `bet` VALUES ('82019e12-8096-4461-97b1-ec86fe78efe3', '4504', 'hj20dddfff', '9385077', '100003157', '2', '6', '28', '11', '101', '2', '20', '1', '20', '231', '1', '1409905042000', '1409905108375');
INSERT INTO `bet` VALUES ('83cef0ae-ecac-45f9-8856-d2bb2dee70be', '15423', 'o140929022102585', '9714583', '100011495', '7', '15', '51', '11', '101', '3', '50', '1', '0', '115', '1', '1411928808000', '1411928854459');
INSERT INTO `bet` VALUES ('861459bd-ae6d-4910-bd17-e7a6e618ea97', '24405', 'cs008', '9835123', '100018598', '3', '9', '44', '11', '101', '1', '1000', '1', '-1000', '40819', '0', '1412674330000', '1412674374172');
INSERT INTO `bet` VALUES ('866840ea-c093-41b5-9e71-06617b82698a', '4563', 'zxcv12345', '9436100', '100003186', '4', '18', '53', '11', '126', '1', '40', '12', '-40', '8910289.5', '1', '1410212444000', '1410212479351');
INSERT INTO `bet` VALUES ('875f58f7-a211-4ff7-a332-55bcba217a7d', '23716', 'cs006', '9832910', '100018029', '3', '6', '46', '11', '102', '1', '2000', '0.95', '-2000', '15070', '0', '1412661444000', '1412661494147');
INSERT INTO `bet` VALUES ('87680603-f57a-40f9-9a84-afff3a9e1e41', '18432', 'testmember213', '9781269', '100013888', '1', '8', '50', '11', '102', '1', '20', '0.95', '-20', '1091', '1', '1412336304000', '1412336367109');
INSERT INTO `bet` VALUES ('87a704d6-d58d-4161-a4f2-2fe03ea91c71', '18817', 'testmember1', '9792721', '100014199', '5', '7', '18', '11', '102', '2', '50', '0.95', '47.5', '997.5', '0', '1412407881000', '1412407915505');
INSERT INTO `bet` VALUES ('88072a0c-34a9-43bd-b42e-6745d6b59aba', '4632', '4534_hj20eeerrr', '9509630', '100003212', '5', '7', '42', '11', '101', '2', '2000', '1', '2000', '39784', '1', '1410678967000', '1410679000397');
INSERT INTO `bet` VALUES ('882ea407-f6c2-4fb8-b378-3db6033246a8', '18811', 'testmember1', '9792688', '100014194', '4', '6', '64', '11', '102', '1', '50', '0.95', '-50', '950', '0', '1412407662000', '1412407725996');
INSERT INTO `bet` VALUES ('88e4de02-0830-4f53-82f6-0405c33ef7b9', '17658', 'testmember', '9748416', '400002046', '1', '4', '72', '14', '14', '1', '30', '1', '-30', '695138', '1', '1412095257000', '1412138489050');
INSERT INTO `bet` VALUES ('8b5e6b33-fc5c-4128-8013-12a4dc3fc513', '4616', '4534_hj20eeerrr', '9509434', '400000649', '1', '6', '36', '14', '20', '2', '500', '1', '1000', '1559', '1', '1410677812000', '1410677852695');
INSERT INTO `bet` VALUES ('9042cf4e-6e79-468d-b9fd-e5cb469752e3', '4651', '4540_hj20wang888999', '9519476', '100003221', '1', '1', '29', '11', '102', '1', '15', '0.95', '-15', '5123.25', '1', '1410738824000', '1410738872330');
INSERT INTO `bet` VALUES ('90da6199-d5b8-49cd-9be8-29b812d0457a', '19629', 'cs008', '9818790', '100014863', '2', '5', '35', '11', '104', '1', '50', '11', '-50', '41652', '0', '1412575589000', '1412575654667');
INSERT INTO `bet` VALUES ('9210e0cb-2924-4d2d-ba58-d428e5c7de15', '15445', 'o140929022102585', '9714653', '200000520', '2', '14', '71', '12', '202', '2', '20', '1', '20', '200', '1', '1411929202000', '1411929234343');
INSERT INTO `bet` VALUES ('92457d38-84c7-4337-a17a-d318e87059f5', '13244', 'testmember5', '9694126', '100009720', '2', '6', '12', '11', '102', '2', '50', '0.95', '47.5', '3441.5', '1', '1411804647000', '1411804733886');
INSERT INTO `bet` VALUES ('92a38716-0b6a-4c98-82d4-06a7065b1da7', '4520', 'hj20qaz123', '9411880', '100003173', '1', '5', '14', '11', '102', '1', '100', '0.95', '-100', '1322.5', '1', '1410068506000', '1410068575644');
INSERT INTO `bet` VALUES ('93e238fa-f184-4e98-ae3c-40c501d15291', '15427', 'o140929022102585', '9714596', '100011499', '7', '15', '52', '11', '101', '1', '50', '1', '-50', '65', '1', '1411928876000', '1411928916048');
INSERT INTO `bet` VALUES ('947ef600-82d4-4da2-b6d4-0dd173b157d2', '17668', 'testmember', '9748505', '100013295', '5', '5', '51', '11', '102', '1', '10', '0.95', '-10', '695238', '1', '1412095795000', '1412139031496');
INSERT INTO `bet` VALUES ('955902d2-33ae-4358-861a-7c5968f9c12b', '4559', 'zxcv12345', '9436026', '400000643', '1', '16', '5', '14', '42', '2', '20', '5', '100', '8910349.5', '1', '1410212052000', '1410212085129');
INSERT INTO `bet` VALUES ('977cfa89-e466-4416-a3de-3ef39e20c8d4', '23711', 'cs006', '9832888', '100018024', '3', '6', '44', '11', '102', '1', '2000', '0.95', '-2000', '19070', '0', '1412661333000', '1412661364068');
INSERT INTO `bet` VALUES ('986416d4-be46-499e-9450-1910cff7bdb4', '15398', 'o140929020140115', '9714502', '100011473', '4', '16', '25', '11', '101', '2', '200', '1', '200', '669', '1', '1411928307000', '1411928356595');
INSERT INTO `bet` VALUES ('98a50418-301a-40e1-9357-2ff712c04d89', '15401', 'o140929020140115', '9714513', '100011476', '4', '16', '26', '11', '102', '2', '400', '0.95', '380', '1049', '1', '1411928376000', '1411928420666');
INSERT INTO `bet` VALUES ('98c3b5fd-5369-4656-9fa7-1a7c66336252', '20632', 'cs006', '9822771', '100015725', '6', '11', '48', '11', '101', '2', '30', '1', '30', '24130', '0', '1412598835000', '1412598860817');
INSERT INTO `bet` VALUES ('9a9da328-0f5c-4cfc-ab05-e94dbe31de89', '4513', 'hj20qaz123', '9410973', '100003166', '4', '4', '43', '11', '102', '1', '100', '0.95', '-100', '1185', '1', '1410019960000', '1410063207741');
INSERT INTO `bet` VALUES ('9bd103be-33ed-440a-b19b-235ccce3bda1', '4547', 'zxcv12345', '9422305', '600000122', '1', '1', '8', '16', '26', '2', '40', '0', '19', '8910469.5', '1', '1410132073000', '1410132150542');
INSERT INTO `bet` VALUES ('9c1e13e3-f429-4dfc-8a8a-b810b0036b42', '4636', '4540_hj20wang888999', '9514361', '100003215', '4', '14', '7', '11', '101', '2', '100', '1', '100', '5090', '1', '1410706228000', '1410706260229');
INSERT INTO `bet` VALUES ('9ea10ae9-c296-4f46-ae5e-fa57720dea53', '23271', 'cs006', '9831888', '100017700', '4', '5', '6', '11', '101', '3', '2000', '1', '0', '24100', '0', '1412612155000', '1412655387063');
INSERT INTO `bet` VALUES ('9ed19ebe-86df-4ed9-ad99-3a87375c163c', '10277', 'cs008', '9635175', '100007338', '6', '4', '59', '11', '102', '1', '1000', '0.95', '-1000', '38800', '1', '1411403649000', '1411446879897');
INSERT INTO `bet` VALUES ('9f94c6d5-9c82-4f98-af5a-50d2d1ac9d92', '4565', 'player2116', '9438160', '100003188', '5', '3', '3', '11', '104', '1', '20', '11', '-20', '880', '1', '1410246948000', '1410246995718');
INSERT INTO `bet` VALUES ('a1ed4387-9fb3-4213-97b7-ee43da71f86a', '19561', 'cs008', '9818503', '100014803', '3', '6', '22', '11', '102', '2', '40', '0.95', '38', '41754.5', '0', '1412573866000', '1412573901945');
INSERT INTO `bet` VALUES ('a203f1f8-a45c-47d0-9c6b-b40f471f1f69', '10255', 'cs008', '9634474', '100007336', '3', '4', '29', '11', '101', '2', '500', '1', '500', '20600', '1', '1411442700000', '1411442742454');
INSERT INTO `bet` VALUES ('a23ea14c-adae-413f-9a96-fb54527c6a33', '15369', 'o140929020140115', '9714410', '100011448', '2', '12', '47', '11', '101', '1', '50', '1', '-50', '369', '1', '1411927719000', '1411927810424');
INSERT INTO `bet` VALUES ('a2b5ae25-1847-453f-83bc-b2c95b74eb28', '19632', 'cs008', '9818790', '100014863', '2', '5', '35', '11', '101', '2', '50', '1', '50', '41652', '0', '1412575589000', '1412575654670');
INSERT INTO `bet` VALUES ('a30c19d3-a333-4a56-a651-0d7e6e550c31', '4534', 'hj20qaz123', '9418154', '400000630', '1', '12', '40', '14', '15', '2', '5', '1', '5', '1397.5', '1', '1410104808000', '1410104846577');
INSERT INTO `bet` VALUES ('a318227f-861e-4952-be9f-0eb094c62841', '18434', 'testmember213', '9781294', '100013890', '1', '8', '52', '11', '102', '1', '1000', '0.95', '-1000', '566', '1', '1412336455000', '1412336538711');
INSERT INTO `bet` VALUES ('a71d1466-dc37-4ba7-898e-b3ca77ad6b58', '24143', 'cs006', '9834333', '100018350', '4', '8', '10', '11', '101', '2', '1000', '1', '1000', '16070', '0', '1412669792000', '1412669847362');
INSERT INTO `bet` VALUES ('a770df1e-868a-4d44-b12c-473d98947acc', '4621', '4534_hj20eeerrr', '9509471', '200000440', '1', '6', '44', '12', '202', '1', '1000', '1', '-1000', '50184', '1', '1410678043000', '1410678068029');
INSERT INTO `bet` VALUES ('a90fa9eb-1b60-4194-b8a9-e819a3cb80d0', '28406', 'cs006', '9847349', '100021642', '5', '6', '28', '11', '101', '2', '1000', '1', '1000', '17070', '0', '1412749377000', '1412749410853');
INSERT INTO `bet` VALUES ('a94b5c27-6c6a-4ea0-b836-84954fab8577', '4506', 'hj20dddfff', '9385105', '100003159', '2', '6', '30', '11', '101', '2', '70', '1', '70', '401', '1', '1409905192000', '1409905242025');
INSERT INTO `bet` VALUES ('a9b8447d-edc6-421b-a213-4af2f93e7b51', '4619', '4534_hj20eeerrr', '9509460', '200000438', '1', '6', '43', '12', '201', '1', '100', '1', '-50', '50684', '1', '1410677987000', '1410678008729');
INSERT INTO `bet` VALUES ('a9db4cca-825a-4104-bd25-bd539b63050a', '4583', 'zxcv123456', '9467601', '200000436', '2', '8', '69', '12', '202', '2', '20', '1', '20', '129567348', '1', '1410425216000', '1410425229764');
INSERT INTO `bet` VALUES ('aa341c3e-800c-41b3-86a5-bd8c02994411', '16882', 'cs006', '9722318', '100012680', '2', '7', '2', '11', '101', '1', '1000', '1', '-1000', '22100', '1', '1411980880000', '1411980968344');
INSERT INTO `bet` VALUES ('aa940f4d-e74b-4d4a-b3da-2391812b6967', '17667', 'testmember', '9748505', '100013295', '5', '5', '51', '11', '103', '1', '10', '8', '-10', '695238', '1', '1412095795000', '1412139031495');
INSERT INTO `bet` VALUES ('ab2bee96-5dd6-4fde-8b34-65af5fa64c3b', '4525', 'hj20qaz123', '9417566', '100003178', '3', '14', '39', '11', '102', '2', '20', '0.95', '19', '1374.5', '1', '1410101407000', '1410101444354');
INSERT INTO `bet` VALUES ('ab6af5fe-da38-4aba-aba0-57b610034c58', '4515', 'hj20qaz123', '9410994', '100003168', '2', '4', '9', '11', '102', '3', '100', '0.95', '0', '1185', '1', '1410020073000', '1410063360354');
INSERT INTO `bet` VALUES ('aba42ac9-c45b-4e9e-8e01-f430fb5de5ed', '4524', 'hj20qaz123', '9417542', '100003177', '3', '14', '37', '11', '102', '2', '20', '0.95', '19', '1355.5', '1', '1410101258000', '1410101307299');
INSERT INTO `bet` VALUES ('ac90e9be-c7c7-4114-a405-14d395570799', '17665', 'testmember', '9748477', '400002053', '1', '4', '78', '14', '14', '3', '200', '1', '0', '695038', '1', '1412095612000', '1412138860626');
INSERT INTO `bet` VALUES ('ac9ce04b-4f78-4ca9-aad3-b56c30e57f34', '4550', 'zxcv12345', '9435954', '400000634', '1', '15', '79', '14', '15', '1', '20', '1', '-20', '8910429.5', '1', '1410211646000', '1410211682707');
INSERT INTO `bet` VALUES ('acf6489e-cd92-4415-b4a5-63589ccd7e32', '4592', 'hj20qaz123', '9489328', '100003198', '4', '18', '28', '11', '102', '2', '10', '0.95', '9.5', '1411', '1', '1410555727000', '1410555783924');
INSERT INTO `bet` VALUES ('ad1c61b4-9a38-4dec-8d8b-c37c314c758a', '17663', 'testmember', '9748455', '400002051', '1', '4', '76', '14', '14', '1', '100', '1', '-100', '695038', '1', '1412095494000', '1412138732819');
INSERT INTO `bet` VALUES ('ad4f2f6a-7e74-44fa-880b-79c6e86e28b1', '15403', 'o140929020140115', '9714524', '100011478', '4', '16', '27', '11', '101', '2', '1000', '1', '1000', '2049', '1', '1411928441000', '1411928493749');
INSERT INTO `bet` VALUES ('af5a6af2-4b9a-43d3-9172-cd0d50ab89b7', '15412', 'o140929020140115', '9714548', '100011485', '4', '16', '29', '11', '101', '2', '1000', '1', '1000', '4049', '1', '1411928593000', '1411928632657');
INSERT INTO `bet` VALUES ('b0d4599c-ac34-4e90-963e-023febb1e03c', '4633', '4534_hj20eeerrr', '9509643', '100003213', '5', '7', '43', '11', '102', '2', '4000', '0.95', '3800', '42584', '1', '1410679019000', '1410679061903');
INSERT INTO `bet` VALUES ('b187d39b-399f-4a52-b272-897273e7d4ac', '4533', 'hj20qaz123', '9418087', '100003182', '5', '14', '26', '11', '102', '1', '20', '0.95', '-20', '1392.5', '1', '1410104415000', '1410104459687');
INSERT INTO `bet` VALUES ('b18e7c39-425f-456d-a819-6a7a8916e4df', '18410', 'testmember21', '9780381', '100013866', '1', '7', '59', '11', '102', '1', '50', '0.95', '-50', '9950', '1', '1412331084000', '1412331135144');
INSERT INTO `bet` VALUES ('b1c57c6e-c7a2-4ea1-9c37-98940918be49', '4527', 'hj20qaz123', '9417841', '200000432', '1', '12', '79', '12', '201', '2', '20', '1', '20', '1404.5', '1', '1410102955000', '1410102997630');
INSERT INTO `bet` VALUES ('b1de8459-e712-48f9-a17a-ba3a80c15a14', '4571', 'player2116', '9438174', '200000433', '1', '3', '13', '12', '201', '1', '20', '1', '-20', '800', '1', '1410247030000', '1410247055599');
INSERT INTO `bet` VALUES ('b2688d11-e036-4f94-b926-2cc8f241a09e', '15434', 'o140929020140115', '9714611', '600000139', '1', '8', '5', '16', '25', '2', '1000', '0', '950', '4949', '1', '1411928959000', '1411929062097');
INSERT INTO `bet` VALUES ('b30c6ae1-686e-444e-b9c5-82ee4ec62ee4', '19940', 'cs008', '9819838', '100015145', '1', '6', '31', '11', '102', '1', '50', '0.95', '-50', '41604', '0', '1412581748000', '1412581800003');
INSERT INTO `bet` VALUES ('b396c504-bdaa-4ebe-a902-8af6e7cd6ea0', '4648', '4540_hj20wang888999', '9519460', '100003220', '1', '1', '28', '11', '101', '1', '20', '1', '-20', '5128.25', '1', '1410738731000', '1410738802593');
INSERT INTO `bet` VALUES ('b458c85c-c409-45cf-8244-c2524ac48829', '18416', 'testmember21', '9780393', '100013869', '1', '7', '60', '11', '102', '2', '50', '0.95', '47.5', '9997.5', '1', '1412331152000', '1412331240710');
INSERT INTO `bet` VALUES ('b549b532-fe9c-4f4d-bc43-577abeb5f75b', '4647', '4540_hj20wang888999', '9519460', '100003220', '1', '1', '28', '11', '102', '2', '20', '0.95', '19', '5128.25', '1', '1410738731000', '1410738802592');
INSERT INTO `bet` VALUES ('b6128719-0b19-435c-9d09-f784da92a8e8', '4593', 'hj20qaz123', '9489343', '100003199', '4', '18', '29', '11', '104', '2', '5', '11', '55', '1461', '1', '1410555819000', '1410555848062');
INSERT INTO `bet` VALUES ('b6f91498-3152-4c45-937b-8178556f0c64', '4635', '4540_hj20wang888999', '9514361', '100003215', '4', '14', '7', '11', '104', '1', '5', '11', '-5', '5090', '1', '1410706228000', '1410706260228');
INSERT INTO `bet` VALUES ('b71684a4-e803-48f2-a4cd-0627fb20c89d', '10254', 'cs008', '9634465', '100007335', '3', '4', '28', '11', '101', '3', '500', '1', '0', '20100', '1', '1411442642000', '1411442675590');
INSERT INTO `bet` VALUES ('b7732df0-645c-41d9-a756-687aaf7cda45', '4574', 'player2116', '9438191', '600000124', '1', '2', '9', '16', '25', '2', '80', '0.5', '62.33', '922.33', '1', '1410247132000', '1410247209301');
INSERT INTO `bet` VALUES ('b798eb97-7ea7-4a6a-a833-af4d45d5c4d8', '4569', 'player2116', '9438160', '100003191', '5', '3', '3', '11', '102', '1', '20', '0.95', '-20', '880', '1', '1410246965000', '1410246995722');
INSERT INTO `bet` VALUES ('b7ac3c49-2694-456f-81f7-6ac55e454f63', '29304', 'cs006', '9848994', '100022243', '3', '9', '22', '11', '101', '1', '1000', '1', '-1000', '16070', '0', '1412758924000', '1412758954342');
INSERT INTO `bet` VALUES ('b8e52563-c394-46a3-9a4b-695a42fb7fdc', '10299', 'test9', '9637013', '100007360', '6', '7', '17', '11', '101', '2', '100', '1', '100', '10110', '0', '1411457685000', '1411457725867');
INSERT INTO `bet` VALUES ('ba406767-97d5-4396-9dbe-0b250be3dd3b', '4578', 'zxcv12345', '9441468', '600000128', '1', '4', '5', '16', '13', '2', '20', '0', '38', '8909312.83', '1', '1410269689000', '1410269776569');
INSERT INTO `bet` VALUES ('bbe85268-b1bd-4948-9a15-3fa419e82c63', '4531', 'hj20qaz123', '9418040', '100003180', '5', '14', '22', '11', '102', '1', '10', '0.95', '-10', '1384', '1', '1410104163000', '1410104200476');
INSERT INTO `bet` VALUES ('bfd21304-fe79-4cdf-ac71-18a6c9ecf566', '4642', '4540_hj20wang888999', '9514384', '100003217', '4', '14', '9', '11', '101', '2', '20', '1', '20', '5089.25', '1', '1410706366000', '1410706400964');
INSERT INTO `bet` VALUES ('c03584e9-f625-4e1f-9f4c-09c3d50176da', '4612', '4528_hj20wang89', '9501643', '100003206', '4', '15', '51', '11', '102', '3', '85', '0.95', '0', '85', '1', '1410629864000', '1410629891410');
INSERT INTO `bet` VALUES ('c09c662a-9025-4eed-93bd-ab86b6fd2e2c', '17666', 'testmember', '9748486', '400002054', '1', '4', '79', '14', '20', '2', '210', '1', '210', '695248', '1', '1412095683000', '1412138920470');
INSERT INTO `bet` VALUES ('c161d3f9-3476-4875-9443-51a42be7a792', '19587', 'cs008', '9818570', '100014824', '3', '6', '28', '11', '102', '2', '50', '0.95', '47.5', '41802', '0', '1412574244000', '1412574284490');
INSERT INTO `bet` VALUES ('c16fb0ea-9cd3-4910-ab99-c09ac5db652a', '4535', 'hj20qaz123', '9418164', '400000631', '1', '12', '41', '14', '15', '2', '5', '1', '5', '1402.5', '1', '1410104878000', '1410104913628');
INSERT INTO `bet` VALUES ('c1d9c2f6-d66e-4354-8188-84c205cfb2f0', '4587', 'hj20qaz123', '9489269', '100003195', '4', '18', '23', '11', '101', '1', '10', '1', '-10', '1401.5', '1', '1410555405000', '1410555449963');
INSERT INTO `bet` VALUES ('c32ef060-27a3-473e-a3af-46f175c1c488', '23597', 'cs006', '9832555', '100017946', '5', '5', '54', '11', '101', '1', '1000', '1', '-1000', '21040', '0', '1412659306000', '1412659344913');
INSERT INTO `bet` VALUES ('c4d9e434-20ba-426d-bd69-b746829da2be', '23284', 'cs006', '9831916', '100017712', '3', '5', '27', '11', '101', '1', '1000', '1', '-1000', '23040', '0', '1412612311000', '1412655556310');
INSERT INTO `bet` VALUES ('c59ea0d7-6136-4987-b1c5-d0db5c219814', '4638', '4540_hj20wang888999', '9514373', '100003216', '4', '14', '8', '11', '103', '1', '5', '8', '-5', '5074.25', '1', '1410706298000', '1410706335280');
INSERT INTO `bet` VALUES ('c634c00d-2bbe-4439-be36-5465699ff0fc', '4653', '4540_hj20wang888999', '9519476', '100003221', '1', '1', '29', '11', '105', '1', '5', '11', '-5', '5123.25', '1', '1410738824000', '1410738872332');
INSERT INTO `bet` VALUES ('c65d8add-d9cf-48da-bd45-04eacc5a6be1', '19685', 'cs008', '9819072', '600000160', '1', '3', '61', '16', '11', '2', '50', '0', '142.5', '41754', '0', '1412577204000', '1412577313266');
INSERT INTO `bet` VALUES ('c6f94503-a151-476f-9cd9-70fb58926616', '4598', 'hj20qaz123', '9489379', '100003200', '4', '18', '32', '11', '101', '2', '5', '1', '5', '1446', '1', '1410556007000', '1410556048646');
INSERT INTO `bet` VALUES ('c76aa80e-868a-4aa3-838e-39d5304fe830', '4590', 'hj20qaz123', '9489314', '100003197', '4', '18', '27', '11', '102', '1', '50', '0.95', '-50', '1401.5', '1', '1410555677000', '1410555712004');
INSERT INTO `bet` VALUES ('c87d1965-7d1e-45bb-b86a-a0443f5929d5', '18421', 'testmember21', '9780412', '100013875', '1', '7', '61', '11', '101', '1', '50', '1', '-50', '9947.5', '1', '1412331258000', '1412331309723');
INSERT INTO `bet` VALUES ('cbc61529-05a5-42f6-9f1a-5ddae7c0c59a', '18424', 'testmember21', '9780436', '100013880', '1', '7', '63', '11', '102', '1', '100', '0.95', '-100', '9895', '1', '1412331394000', '1412331444351');
INSERT INTO `bet` VALUES ('cc1cec10-b881-40d1-a88b-fe8778f196b7', '4544', 'zxcv12345', '9422305', '600000119', '1', '1', '8', '16', '30', '2', '20', '0', '9.5', '8910331.5', '1', '1410132065000', '1410132150539');
INSERT INTO `bet` VALUES ('cc2eda7a-1d9f-4860-94be-aee1b77c23cc', '4649', '4540_hj20wang888999', '9519460', '100003220', '1', '1', '28', '11', '105', '1', '5', '11', '-5', '5128.25', '1', '1410738731000', '1410738802594');
INSERT INTO `bet` VALUES ('cdbc6c8a-5b06-4431-baef-e527bc38151f', '4512', 'hj20qaz123', '9410929', '100003165', '1', '4', '17', '11', '102', '2', '100', '0.95', '95', '1385', '1', '1410019697000', '1410062968836');
INSERT INTO `bet` VALUES ('d0953efb-bcbc-4d52-9cbd-d93cb61d1bb9', '17664', 'testmember', '9748466', '400002052', '1', '4', '77', '14', '14', '3', '200', '1', '0', '695038', '1', '1412095550000', '1412138796168');
INSERT INTO `bet` VALUES ('d433a946-ce59-46ea-acaa-666fb1d33f81', '4582', 'cs007', '9447570', '200000435', '1', '1', '64', '12', '202', '1', '30', '1', '-15', '985', '1', '1410307905000', '1410307935420');
INSERT INTO `bet` VALUES ('d5194d77-ede3-46c3-b302-f0e4c2cd9b5b', '4517', 'hj20qaz123', '9411829', '100003170', '1', '5', '11', '11', '101', '2', '100', '1', '100', '1280', '1', '1410068213000', '1410068295361');
INSERT INTO `bet` VALUES ('d5dcb1a2-5bc6-4261-9d8c-67c7ec44a2fa', '15433', 'o140929022102585', '9714620', '100011505', '7', '15', '54', '11', '102', '2', '100', '0.95', '95', '210', '1', '1411929014000', '1411929051158');
INSERT INTO `bet` VALUES ('d5fc5069-415a-47ae-94bb-745605706bcc', '4602', 'hj20qaz123', '9489506', '300000115', '1', '11', '29', '13', '3', '2', '100', '8', '3500', '4816', '1', '1410556817000', '1410556868381');
INSERT INTO `bet` VALUES ('d649aabb-bf7c-4470-8293-63abd07c2026', '4546', 'zxcv12345', '9422305', '600000121', '1', '1', '8', '16', '36', '3', '20', '0', '0', '8910410.5', '1', '1410132070000', '1410132150541');
INSERT INTO `bet` VALUES ('d90236f7-dbfb-42c2-8777-594f76ed5614', '4542', 'zxcv12345', '9422305', '600000117', '1', '1', '8', '16', '28', '2', '20', '0', '9.5', '8910262', '1', '1410132062000', '1410132150537');
INSERT INTO `bet` VALUES ('da4b1c7f-1d76-46d7-8071-6f511048ab2e', '15442', 'o140929020140115', '9714632', '600000140', '1', '8', '6', '16', '24', '2', '1000', '0', '950', '5899', '1', '1411929079000', '1411929171172');
INSERT INTO `bet` VALUES ('db5ab71c-1466-4f4f-bc6b-02d2aef483a8', '17659', 'testmember', '9748426', '400002047', '1', '4', '73', '14', '14', '1', '20', '1', '-20', '695098', '1', '1412095309000', '1412138550184');
INSERT INTO `bet` VALUES ('ddc97f6e-3a3d-438a-8dee-639e45480ac2', '4645', '4540_hj20wang888999', '9514435', '100003219', '4', '14', '13', '11', '105', '1', '5', '11', '-5', '5079.25', '1', '1410706623000', '1410706671955');
INSERT INTO `bet` VALUES ('deba9879-433e-4686-b4b4-98538d604864', '18433', 'testmember213', '9781284', '100013889', '1', '8', '51', '11', '102', '2', '500', '0.95', '475', '1566', '1', '1412336383000', '1412336434149');
INSERT INTO `bet` VALUES ('df2eeeaf-9fb5-4791-ac69-8c2db2c3ab29', '19476', 'cs008', '9817929', '100014737', '3', '5', '42', '11', '101', '2', '1000', '1', '1000', '40766.5', '0', '1412527294000', '1412570534030');
INSERT INTO `bet` VALUES ('e037af1c-b36d-482e-91ef-e0a0e5604ce7', '4595', 'hj20qaz123', '9489379', '100003200', '4', '18', '32', '11', '104', '1', '5', '11', '-5', '1446', '1', '1410556007000', '1410556048643');
INSERT INTO `bet` VALUES ('e0df7278-b115-4c6b-8177-ae416e40d76e', '4603', 'hj20qaz123', '9489526', '300000116', '1', '11', '30', '13', '147', '1', '100', '0', '-100', '4716', '1', '1410556902000', '1410556969766');
INSERT INTO `bet` VALUES ('e2c1baf7-8ef5-4571-b086-09600eb3fd79', '19382', 'cs008', '9817041', '100014649', '5', '4', '26', '11', '102', '2', '20', '0.95', '19', '38718', '0', '1412565365000', '1412565402205');
INSERT INTO `bet` VALUES ('e2f0def8-2c0c-4bdb-8d56-8b269ccea93d', '4579', 'zxcv12345', '9441486', '600000129', '1', '4', '6', '16', '33', '1', '40', '0', '-20', '8909272.83', '1', '1410269812000', '1410269935822');
INSERT INTO `bet` VALUES ('e34a9c46-2b08-4433-a02f-df251b44036d', '4523', 'hj20qaz123', '9417528', '100003176', '3', '14', '36', '11', '102', '2', '20', '0.95', '19', '1336.5', '1', '1410101205000', '1410101238248');
INSERT INTO `bet` VALUES ('e3fc4c85-1d8b-40b2-8e10-a9c27ac0014f', '4509', 'hj20qaz123', '9403427', '100003162', '6', '13', '47', '11', '101', '2', '100', '1', '100', '1100', '1', '1410016302000', '1410016339295');
INSERT INTO `bet` VALUES ('e593704f-8a15-454c-868c-66119d41a18f', '15449', 'o140929022102585', '9714663', '200000521', '2', '14', '72', '12', '201', '2', '100', '1', '100', '300', '1', '1411929254000', '1411929288083');
INSERT INTO `bet` VALUES ('e670708b-3d92-45e0-b14c-64d9b84a7cb0', '15464', 'o140929022102585', '9714689', '600000142', '1', '8', '9', '16', '24', '2', '50', '0', '47.5', '447.5', '1', '1411929434000', '1411929527695');
INSERT INTO `bet` VALUES ('e91f06bc-62f0-46b8-abd5-e2e5b750bb0a', '4614', '4534_hj20eeerrr', '9509412', '400000647', '1', '6', '34', '14', '14', '1', '51', '1', '-51', '859', '1', '1410677680000', '1410677724351');
INSERT INTO `bet` VALUES ('e94cd2d0-e0cc-4fd6-98d7-8d6263eae2e0', '13245', 'testmember5', '9694126', '100009720', '2', '6', '12', '11', '105', '1', '50', '11', '-50', '3441.5', '1', '1411804647000', '1411804733887');
INSERT INTO `bet` VALUES ('ec26c7e5-4837-4a58-8354-f7ef9ba95639', '4549', 'zxcv12345', '9435941', '400000633', '1', '15', '78', '14', '15', '1', '20', '1', '-20', '8910449.5', '1', '1410211595000', '1410211619449');
INSERT INTO `bet` VALUES ('ed3d53bd-d55b-4744-8f00-70aea6d8584f', '4601', 'hj20qaz123', '9489506', '300000114', '1', '11', '29', '13', '31', '1', '100', '0', '-100', '1216', '1', '1410556814000', '1410556868380');
INSERT INTO `bet` VALUES ('ed4f7d3d-043c-4e16-9858-68fd66264ddd', '4508', 'zxcv12345', '9403398', '100003161', '6', '13', '44', '11', '101', '2', '1000', '1', '1000', '8910488', '1', '1410016102000', '1410016150765');
INSERT INTO `bet` VALUES ('eeedb09a-1bc4-451c-83d1-8d8bad864333', '4540', 'zxcv12345', '9419494', '100003185', '2', '12', '39', '11', '101', '1', '500', '1', '-500', '8910463', '1', '1410112611000', '1410112657445');
INSERT INTO `bet` VALUES ('efa78f3b-65fa-4d48-ac46-fb8e4d7488c7', '19633', 'cs008', '9818790', '100014863', '2', '5', '35', '11', '105', '1', '50', '11', '-50', '41652', '0', '1412575589000', '1412575654671');
INSERT INTO `bet` VALUES ('f0103441-a996-4152-8e2a-24d2c832531b', '4655', '4540_hj20wang888999', '9519512', '100003223', '1', '1', '31', '11', '101', '1', '10', '1', '-10', '5122.75', '1', '1410710400000', '1410739020122');
INSERT INTO `bet` VALUES ('f1e5eeeb-ba14-4977-a1e2-63e28a8dd144', '4630', '4534_hj20eeerrr', '9509630', '100003210', '5', '7', '42', '11', '101', '2', '500', '1', '500', '33784', '1', '1410678956000', '1410679000395');
INSERT INTO `bet` VALUES ('f208b348-2a99-4851-b9c5-d7789ce81c5b', '4567', 'player2116', '9438160', '100003189', '5', '3', '3', '11', '105', '1', '20', '11', '-20', '880', '1', '1410246957000', '1410246995720');
INSERT INTO `bet` VALUES ('f426d0b1-17d0-4a2b-b784-9d0cbb0af9eb', '4536', 'hj20qaz123', '9418178', '400000632', '1', '12', '42', '14', '15', '1', '10', '1', '-10', '1392.5', '1', '1410104938000', '1410104976992');
INSERT INTO `bet` VALUES ('f4621895-fbcb-4696-b78b-bee4d0159807', '4555', 'zxcv12345', '9435992', '400000639', '1', '16', '2', '14', '21', '3', '120', '1', '0', '8910309.5', '1', '1410211863000', '1410211894643');
INSERT INTO `bet` VALUES ('f4bbc0f4-acd9-49f4-88f7-6483d8c0ba7d', '4599', 'hj20qaz123', '9489379', '100003200', '4', '18', '32', '11', '105', '1', '5', '11', '-5', '1446', '1', '1410556007000', '1410556048647');
INSERT INTO `bet` VALUES ('f4ff70bd-d852-4187-84b9-385fc289fbb0', '4644', '4540_hj20wang888999', '9514410', '100003218', '4', '14', '11', '11', '105', '1', '5', '11', '-5', '5084.25', '1', '1410706486000', '1410706537320');
INSERT INTO `bet` VALUES ('f551e3a5-9d67-4729-ae28-35b75e12b75e', '4564', 'zxcv12345', '9436136', '100003187', '4', '18', '56', '11', '102', '1', '1000', '1', '-1000', '8909289.5', '1', '1410212633000', '1410212677074');
INSERT INTO `bet` VALUES ('f9fb5e42-580d-4671-8753-19362a87ff1c', '23278', 'cs006', '9831898', '100017703', '1', '4', '24', '11', '101', '1', '60', '1', '-60', '24040', '0', '1412612196000', '1412655483322');
INSERT INTO `bet` VALUES ('fa360ae5-e027-4b86-8b3c-22b51bf50242', '15409', 'o140929020140115', '9714535', '100011481', '4', '16', '28', '11', '101', '2', '1000', '1', '1000', '3049', '1', '1411928512000', '1411928567752');
INSERT INTO `bet` VALUES ('fbce5a49-8ff1-4fea-a1ee-bf92dbda87a7', '4591', 'hj20qaz123', '9489314', '100003197', '4', '18', '27', '11', '101', '2', '50', '1', '50', '1401.5', '1', '1410555677000', '1410555712005');
INSERT INTO `bet` VALUES ('fbde5f78-6e44-4422-8903-8872aa3ac599', '4631', '4534_hj20eeerrr', '9509630', '100003211', '5', '7', '42', '11', '101', '2', '1000', '1', '1000', '35784', '1', '1410678959000', '1410679000396');
INSERT INTO `bet` VALUES ('fc131d62-fcae-4738-8009-7852a65ab9f3', '4625', '4534_hj20eeerrr', '9509488', '200000444', '1', '6', '46', '12', '201', '1', '1000', '1', '-500', '42684', '1', '1410678150000', '1410678177715');
INSERT INTO `bet` VALUES ('fc777ec0-0e47-436a-9a81-a8b8421ed957', '4639', '4540_hj20wang888999', '9514373', '100003216', '4', '14', '8', '11', '102', '2', '15', '0.95', '14.25', '5074.25', '1', '1410706298000', '1410706335281');
INSERT INTO `bet` VALUES ('fcac4c69-07ce-4131-9f9c-cc3708b5e7bd', '4572', 'player2116', '9438174', '200000434', '1', '3', '13', '12', '201', '1', '20', '1', '-20', '800', '1', '1410247034000', '1410247055600');
INSERT INTO `bet` VALUES ('fd1d3cb3-4a9c-4b19-b5e4-01fcacc1ddd8', '4628', '4534_hj20eeerrr', '9509630', '100003208', '5', '7', '42', '11', '101', '2', '100', '1', '100', '30784', '1', '1410678952000', '1410679000393');

-- ----------------------------
-- Table structure for `bill`
-- ----------------------------
DROP TABLE IF EXISTS `bill`;
CREATE TABLE `bill` (
  `uuid` varchar(40) NOT NULL default '',
  `userId` varchar(40) default NULL,
  `point` double default NULL,
  `type` int(8) default NULL,
  `info` varchar(255) default NULL,
  `cardType` int(8) default NULL,
  `createdTime` bigint(20) default NULL,
  `cardNum` varchar(40) default NULL,
  `cardArea` varchar(40) default NULL,
  `cardCity` varchar(40) default NULL,
  `cardSite` varchar(40) default NULL,
  `state` int(11) default NULL,
  PRIMARY KEY  (`uuid`)
) ENGINE=InnoDB DEFAULT CHARSET=utf8;

-- ----------------------------
-- Records of bill
-- ----------------------------
INSERT INTO `bill` VALUES ('11a4aea7-e789-4d15-af5f-a3c523e552ad', 'e0afcd45-22b2-4762-92b0-938cdb657de5', '0', '1', null, '0', '1412326640103', '111111111', '', '', '', '0');
INSERT INTO `bill` VALUES ('bd0598bd-3ed3-4d80-9a19-f0e505167951', 'e0afcd45-22b2-4762-92b0-938cdb657de5', '1000', '0', ':ATM', '0', '1412328447000', null, null, null, '', '0');

-- ----------------------------
-- Table structure for `charge`
-- ----------------------------
DROP TABLE IF EXISTS `charge`;
CREATE TABLE `charge` (
  `orderNum` varchar(50) NOT NULL,
  `ybOrderNum` varchar(50) default NULL,
  `uid` varchar(40) NOT NULL,
  `uname` varchar(32) NOT NULL,
  `upoint` bigint(20) NOT NULL,
  `goodsId` int(11) NOT NULL,
  `amount` bigint(20) NOT NULL,
  `payTimes` int(11) NOT NULL,
  `state` int(11) NOT NULL,
  `createTime` bigint(20) NOT NULL,
  `payTime` bigint(20) default NULL,
  `userAgent` varchar(120) default NULL,
  `extendInfo` varchar(200) default NULL,
  PRIMARY KEY  (`orderNum`)
) ENGINE=InnoDB DEFAULT CHARSET=utf8;

-- ----------------------------
-- Records of charge
-- ----------------------------

-- ----------------------------
-- Table structure for `child`
-- ----------------------------
DROP TABLE IF EXISTS `child`;
CREATE TABLE `child` (
  `uuid` varchar(40) NOT NULL default '',
  `parentId` varchar(40) default NULL,
  PRIMARY KEY  (`uuid`)
) ENGINE=InnoDB DEFAULT CHARSET=utf8;

-- ----------------------------
-- Records of child
-- ----------------------------
INSERT INTO `child` VALUES ('8fb01860-1232-4728-a23f-ad24423e864b', '5b60e302-72b7-4288-ad00-059a9b362fe2');

-- ----------------------------
-- Table structure for `company`
-- ----------------------------
DROP TABLE IF EXISTS `company`;
CREATE TABLE `company` (
  `id` int(11) unsigned NOT NULL auto_increment,
  `point` double default NULL,
  `name` varchar(40) default NULL,
  `vendorId` bigint(20) default NULL,
  PRIMARY KEY  (`id`)
) ENGINE=InnoDB DEFAULT CHARSET=utf8;

-- ----------------------------
-- Records of company
-- ----------------------------
INSERT INTO `company` VALUES ('1', '60', '', '1412758954342');

-- ----------------------------
-- Table structure for `game`
-- ----------------------------
DROP TABLE IF EXISTS `game`;
CREATE TABLE `game` (
  `type` varchar(30) NOT NULL,
  `id` bigint(20) NOT NULL auto_increment,
  `name` varchar(30) default NULL,
  `link` varchar(255) default NULL,
  `image` varchar(255) default NULL,
  `enable` int(20) default '1',
  PRIMARY KEY  (`id`,`type`)
) ENGINE=InnoDB DEFAULT CHARSET=utf8;

-- ----------------------------
-- Records of game
-- ----------------------------
INSERT INTO `game` VALUES ('realGame', '5', 'east', '', 'uploads/gameimages/a4e6b41bf50f28294517f5606e2e977b', '1');
INSERT INTO `game` VALUES ('realGame', '11', 'east', 'qwe', 'uploads/gameimages/21f12f11b33ada185504aa4867ab5777', '1');
INSERT INTO `game` VALUES ('vedioGame', '13', 'east', 'sss', 'uploads/gameimages/8da7b6240e0d6193bc33cc7d6674bb04', '0');
INSERT INTO `game` VALUES ('lotteryGame', '16', 'east', 'sss', 'uploads/gameimages/17681c0f117d0e65cc4e90ad812859b9', '1');
INSERT INTO `game` VALUES ('lotteryGame', '17', 'east', 'asdasd', 'uploads/gameimages/843cf29b9e82e63cbfab4df430d8b3f2', '1');
INSERT INTO `game` VALUES ('lotteryGame', '18', 'east', '123123', 'uploads/gameimages/0c1179b558e45866d384d6158d457c47', '1');
INSERT INTO `game` VALUES ('lotteryGame', '19', 'east', 'wqwetwet', 'uploads/gameimages/0220b4f76c74c023e38ed1d5ea5a97e0', '1');
INSERT INTO `game` VALUES ('lotteryGame', '20', 'east', 'asfafs', 'uploads/gameimages/8f9cb72b0d35fde1a9d6c26f9fc5d39e', '1');
INSERT INTO `game` VALUES ('lotteryGame', '21', 'east', 'sgdasgd', 'uploads/gameimages/47d390793d4699f915e0b2b408a09172', '1');
INSERT INTO `game` VALUES ('vedioGame', '26', 'east', 'asdasd', 'uploads/gameimages/8da7b6240e0d6193bc33cc7d6674bb04', '1');
INSERT INTO `game` VALUES ('vedioGame', '27', 'east', 'asfa', 'uploads/gameimages/8f8012ddab90502ca3c8b0e57ab95be4', '1');
INSERT INTO `game` VALUES ('vedioGame', '28', 'east', 'asda', 'uploads/gameimages/8da7b6240e0d6193bc33cc7d6674bb04', '1');
INSERT INTO `game` VALUES ('vedioGame', '29', 'east', 'east', 'uploads/gameimages/563476cf58eaf1a9019b1f029020b999', '1');

-- ----------------------------
-- Table structure for `internalmsg`
-- ----------------------------
DROP TABLE IF EXISTS `internalmsg`;
CREATE TABLE `internalmsg` (
  `id` bigint(20) NOT NULL auto_increment,
  `userId` varchar(40) NOT NULL,
  `title` varchar(80) NOT NULL,
  `content` varchar(511) NOT NULL,
  `state` int(11) NOT NULL,
  `createTime` bigint(20) NOT NULL,
  `username` varchar(40) default NULL,
  PRIMARY KEY  (`id`)
) ENGINE=InnoDB DEFAULT CHARSET=utf8;

-- ----------------------------
-- Records of internalmsg
-- ----------------------------

-- ----------------------------
-- Table structure for `log`
-- ----------------------------
DROP TABLE IF EXISTS `log`;
CREATE TABLE `log` (
  `uuid` varchar(40) NOT NULL default '',
  `username` varchar(40) default NULL,
  `role` int(8) default NULL,
  `ip` varchar(40) default NULL,
  `content` varchar(255) default '',
  `createdTime` bigint(20) default NULL,
  PRIMARY KEY  (`uuid`)
) ENGINE=InnoDB DEFAULT CHARSET=utf8;

-- ----------------------------
-- Records of log
-- ----------------------------

-- ----------------------------
-- Table structure for `member`
-- ----------------------------
DROP TABLE IF EXISTS `member`;
CREATE TABLE `member` (
  `uuid` varchar(40) NOT NULL default '',
  `point` double default NULL,
  `upperLimit` int(32) default NULL,
  `privilegeNum` int(16) default NULL,
  `parentId` varchar(40) default NULL,
  `profit` double default NULL,
  `moneyPwd` varchar(40) default NULL,
  `lastGameId` bigint(20) default NULL,
  PRIMARY KEY  (`uuid`)
) ENGINE=InnoDB DEFAULT CHARSET=utf8;

-- ----------------------------
-- Records of member
-- ----------------------------
INSERT INTO `member` VALUES ('0d76a609-789c-41c3-a723-6eb460645f68', '0', '0', '3', '5b60e302-72b7-4288-ad00-059a9b362fe2', '0', '11111111', null);
INSERT INTO `member` VALUES ('0eb81974-cb79-42a1-ac05-f0cf909fec27', '0', '0', '3', 'c581fc82-bfb8-4bef-8702-730bff356fd8', '0', '11111111', null);
INSERT INTO `member` VALUES ('12797d28-1793-4805-83ac-46d985a42212', '0', '0', '3', 'e003af3b-b642-4906-b6ea-ecd7d978e7c7', '0', '11111111', null);
INSERT INTO `member` VALUES ('18e18143-ca90-4fb4-929f-e2b557fdc69e', '0', '0', '3', 'manager', '0', '11111111', null);
INSERT INTO `member` VALUES ('1f242c97-4666-4aa0-9af5-3a8ff73a44d4', '0', '0', '3', 'c581fc82-bfb8-4bef-8702-730bff356fd8', '0', '11111111', null);
INSERT INTO `member` VALUES ('210f1a87-8cb9-44a9-9cb6-995f9e53e59a', '0', '0', '3', 'c6811ead-29d3-4e80-8781-3577df619fb0', '0', '11111111', null);
INSERT INTO `member` VALUES ('234f8f7c-dd9c-4336-a223-16605cdfa92b', '0', '0', '3', '5b60e302-72b7-4288-ad00-059a9b362fe2', '0', '11111111', null);
INSERT INTO `member` VALUES ('2d04587f-ff51-4366-ac0a-1121fd57de00', '0', '0', '3', 'd2189954-af09-43a7-ad5e-ed55e3fdbd44', '0', '11111111', null);
INSERT INTO `member` VALUES ('2d589948-6be4-44da-9ef7-f6d3597b8f6f', '0', '0', '3', 'manager', '0', '11111111', null);
INSERT INTO `member` VALUES ('3486a8f5-7def-4e55-80dd-5fbcbed38dc2', '0', '0', '3', 'd2189954-af09-43a7-ad5e-ed55e3fdbd44', '0', '11111111', null);
INSERT INTO `member` VALUES ('4308b4aa-1030-4d0e-a158-59367755bb18', '0', '0', '3', '5b60e302-72b7-4288-ad00-059a9b362fe2', '0', '11111111', null);
INSERT INTO `member` VALUES ('46e75998-5168-41af-b6a6-3e52ade22fbf', '0', '0', '3', 'c581fc82-bfb8-4bef-8702-730bff356fd8', '0', '11111111', null);
INSERT INTO `member` VALUES ('516a94c9-58a4-4af5-b089-716e58c75cf6', '0', '0', '3', '5b60e302-72b7-4288-ad00-059a9b362fe2', '0', '11111111', null);
INSERT INTO `member` VALUES ('54ec68fb-ec94-41e3-ad76-1ef59a83a9c2', '0', '0', '3', 'd2189954-af09-43a7-ad5e-ed55e3fdbd44', '0', '11111111', null);
INSERT INTO `member` VALUES ('6319c89d-066a-4054-a77a-6fa605b68b2a', '0', '0', '3', 'd2189954-af09-43a7-ad5e-ed55e3fdbd44', '0', '11111111', null);
INSERT INTO `member` VALUES ('6a20036f-de4c-4bc5-8c88-b700a1083f6b', '0', '0', '3', 'd2189954-af09-43a7-ad5e-ed55e3fdbd44', '0', '11111111', null);
INSERT INTO `member` VALUES ('6a317325-eb4f-4be4-9832-087da454905c', '0', '0', '3', 'c6811ead-29d3-4e80-8781-3577df619fb0', '0', '11111111', null);
INSERT INTO `member` VALUES ('773af045-c2ee-44da-9f58-596d92dbcde7', '0', '0', '3', 'd2189954-af09-43a7-ad5e-ed55e3fdbd44', '0', '11111111', null);
INSERT INTO `member` VALUES ('834c73ee-e6ce-4c92-9f02-ede3469cf1dc', '0', '0', '3', 'e003af3b-b642-4906-b6ea-ecd7d978e7c7', '0', '11111111', null);
INSERT INTO `member` VALUES ('849665a7-5ffd-4ad7-b174-51d65e424565', '0', '0', '3', 'd2189954-af09-43a7-ad5e-ed55e3fdbd44', '0', '11111111', null);
INSERT INTO `member` VALUES ('95ce42be-b415-4f54-b0c5-91c16d10c598', '0', '0', '3', 'c6811ead-29d3-4e80-8781-3577df619fb0', '0', '11111111', null);
INSERT INTO `member` VALUES ('9afe6650-c321-44c0-a112-a0cc668bc50a', '0', '0', '3', '5b60e302-72b7-4288-ad00-059a9b362fe2', '0', '11111111', null);
INSERT INTO `member` VALUES ('a011531d-10ab-46ce-b441-9d583ae08b14', '0', '0', '3', 'c6811ead-29d3-4e80-8781-3577df619fb0', '0', '11111111', null);
INSERT INTO `member` VALUES ('a79b541e-09cf-4a86-9f9e-155ba0e0fb40', '0', '0', '3', '5b60e302-72b7-4288-ad00-059a9b362fe2', '0', '11111111', null);
INSERT INTO `member` VALUES ('a990af5b-f606-4087-a29e-26d9b014ada4', '0', '0', '3', 'c581fc82-bfb8-4bef-8702-730bff356fd8', '0', '11111111', null);
INSERT INTO `member` VALUES ('ac702291-d23b-4b0e-9807-e78faba9807c', '0', '0', '3', 'e003af3b-b642-4906-b6ea-ecd7d978e7c7', '0', '11111111', null);
INSERT INTO `member` VALUES ('c3ff883a-e1c3-4532-a03a-1dc94eec6719', '0', '0', '3', 'e003af3b-b642-4906-b6ea-ecd7d978e7c7', '0', '11111111', null);
INSERT INTO `member` VALUES ('dbab8ffd-13c2-4ba0-b638-6fa5ece26dfe', '0', '0', '3', '5b60e302-72b7-4288-ad00-059a9b362fe2', '0', '11111111', null);
INSERT INTO `member` VALUES ('dcfd6471-32c7-4f24-9086-bf75d65d2785', '0', '1', '3', 'd2189954-af09-43a7-ad5e-ed55e3fdbd44', '0', '11111111', null);
INSERT INTO `member` VALUES ('e0501e33-167a-4409-9521-c39f82c618a5', '0', '0', '3', 'c581fc82-bfb8-4bef-8702-730bff356fd8', '0', '11111111', null);
INSERT INTO `member` VALUES ('f12b6e34-894b-4522-8322-cab5512f013f', '0', '0', '3', '07dd00c7-9736-48dd-a3ce-eb9de078d226', '0', '11111111', null);
INSERT INTO `member` VALUES ('f5364dbc-d31b-476c-8e59-7d19946a8179', '0', '0', '3', '5b60e302-72b7-4288-ad00-059a9b362fe2', '0', '11111111', null);
INSERT INTO `member` VALUES ('fbce8d50-62bc-470e-ac8d-edfa3351febc', '0', '0', '3', 'e003af3b-b642-4906-b6ea-ecd7d978e7c7', '0', '11111111', null);

-- ----------------------------
-- Table structure for `permission`
-- ----------------------------
DROP TABLE IF EXISTS `permission`;
CREATE TABLE `permission` (
  `id` bigint(20) NOT NULL auto_increment,
  `name` varchar(80) default NULL,
  `path` varchar(80) default NULL,
  `method` varchar(10) default NULL,
  `desc` varchar(200) default NULL,
  `log` int(11) default NULL,
  `needCheck` int(11) default NULL,
  PRIMARY KEY  (`id`)
) ENGINE=InnoDB DEFAULT CHARSET=utf8;

-- ----------------------------
-- Records of permission
-- ----------------------------
INSERT INTO `permission` VALUES ('1', 'getAgentTreeByUuid', '^/agent/tree$', 'get', '', '1', '0');
INSERT INTO `permission` VALUES ('2', 'getAgentByUuid', '^/agent/[^/]+$', 'get', 'id', '1', '1');
INSERT INTO `permission` VALUES ('3', 'getAgentListOfUser', '^/user/[^/]+/agent$', 'get', '', '0', '1');
INSERT INTO `permission` VALUES ('4', 'addAgent', '^/user$', 'post', '', '0', '1');
INSERT INTO `permission` VALUES ('5', 'modifyAgent', '^/agent/[^/]+$', 'put', '', '1', '1');
INSERT INTO `permission` VALUES ('6', 'deleteAgent', '^/agent/[^/]+$', 'delete', '', '1', '1');
INSERT INTO `permission` VALUES ('7', 'modifyAgentOnlyRead', '^/agent/[^/]+/onlyRead$', 'put', '', '1', '1');
INSERT INTO `permission` VALUES ('8', 'modifyPassword', '^/agnet/moneypassword$', 'put', '', '1', '1');
INSERT INTO `permission` VALUES ('9', 'manualDeposite', '^/deposite/manual$', 'post', '', '1', '1');
INSERT INTO `permission` VALUES ('10', 'check', '^/deposite/[^/]+/check$', 'put', '', '1', '1');
INSERT INTO `permission` VALUES ('11', 'reject', '^/deposite/[^/]+/reject$', 'put', '', '1', '1');
INSERT INTO `permission` VALUES ('12', 'checking', '^/deposite/[^/]+/checking$', 'put', '', '1', '1');
INSERT INTO `permission` VALUES ('13', 'getDepositesByState', '^/deposite/all$', 'get', '', '1', '1');
INSERT INTO `permission` VALUES ('14', 'deposite', '^/deposite$', 'post', '', '1', '1');
INSERT INTO `permission` VALUES ('15', 'withdrawals', '^/withdrawals$', 'post', '', '1', '1');
INSERT INTO `permission` VALUES ('16', 'updataBillState', '^/withdrawals/[^/]+/state$', 'put', '', '1', '1');
INSERT INTO `permission` VALUES ('17', 'getBillListOfWithdrawals', '^/withdrawals$', 'get', '', '1', '1');
INSERT INTO `permission` VALUES ('18', 'getBillListOfDeposite', '^/deposite/[^/]+$', 'get', '', '1', '1');
INSERT INTO `permission` VALUES ('19', 'getMemberBills', '^/bill/[^/]+/all$', 'get', '', '1', '1');
INSERT INTO `permission` VALUES ('20', 'getChildByUuid', '^/child/[^/]+$', 'get', 'uuid', '1', '1');
INSERT INTO `permission` VALUES ('21', 'getChildListOfUser', '^/user/[^/]+/child$', 'get', '', '1', '1');
INSERT INTO `permission` VALUES ('22', 'addChild', '^/child$', 'post', '', '1', '1');
INSERT INTO `permission` VALUES ('23', 'modifyChild', '^/child/[^/]+$', 'put', '', '1', '1');
INSERT INTO `permission` VALUES ('24', 'deleteChild', '^/child/[^/]+$', 'delete', '', '1', '1');
INSERT INTO `permission` VALUES ('25', 'getGameById', '^/game/[^/]+/[^/]+$', 'get', 'id', '1', '1');
INSERT INTO `permission` VALUES ('26', 'getAllGames', '^/game/[^/]+/all$', 'get', '', '1', '1');
INSERT INTO `permission` VALUES ('27', 'getEnableGames', '^/game/[^/]+/enable$', 'get', '', '1', null);
INSERT INTO `permission` VALUES ('28', 'newGame', '^/game/[^/]+$', 'post', '', '1', '1');
INSERT INTO `permission` VALUES ('29', 'deleteGame', '^/game/[^/]+/[^/]+$', 'delete', '', '1', '1');
INSERT INTO `permission` VALUES ('30', 'modifyGame', '^/game/[^/]+/[^/]+$', 'put', '', '1', '1');
INSERT INTO `permission` VALUES ('31', 'disableGame', '^/game/[^/]+/[^/]+/disable$', 'put', '', '1', '1');
INSERT INTO `permission` VALUES ('32', 'enableGame', '^/game/[^/]+/[^/]+/enable$', 'put', '', '1', '1');
INSERT INTO `permission` VALUES ('33', 'openGame', '^/game/[^/]+/open$', 'get', '', '1', '1');
INSERT INTO `permission` VALUES ('34', 'getBalance', '^/game/[^/]+/balance$', 'get', '', '1', '1');
INSERT INTO `permission` VALUES ('35', 'getMsgById', '^/internalMsg/[^/]+$', 'get', 'uuid', '1', '1');
INSERT INTO `permission` VALUES ('36', 'getAllMsgs', '^/internalMsg/all$', 'get', '', '1', '1');
INSERT INTO `permission` VALUES ('37', 'getUserMsgs', '^/internalMsg/[^/]+/all$', 'get', '', '1', '1');
INSERT INTO `permission` VALUES ('38', 'newMsg', '^/internalMsg$', 'post', '', '1', '1');
INSERT INTO `permission` VALUES ('39', 'deleteMsg', '^/internalMsg/[^/]+$', 'delete', '', '1', '1');
INSERT INTO `permission` VALUES ('40', 'modifyMsg', '^/internalMsg/[^/]+$', 'put', '', '1', '1');
INSERT INTO `permission` VALUES ('41', 'readMsg', '^/internalMsg/[^/]+/read$', 'put', '', '1', '1');
INSERT INTO `permission` VALUES ('42', 'haveNewMsg', '^/internalMsg/[^/]+/new$', 'get', '', '1', '1');
INSERT INTO `permission` VALUES ('43', 'getManagerByUuid', '^/manager/[^/]+$', 'get', 'uuid', '1', '1');
INSERT INTO `permission` VALUES ('44', 'getManagerList', '^/manager$', 'get', '', '1', '1');
INSERT INTO `permission` VALUES ('45', 'addManagerList', '^/manager$', 'post', '', '1', '1');
INSERT INTO `permission` VALUES ('46', 'modifyManagerList', '^/manager/[^/]+$', 'put', '', '1', '1');
INSERT INTO `permission` VALUES ('47', 'deleteManagerList', '^/manager/[^/]+$', 'delete', '', '1', '1');
INSERT INTO `permission` VALUES ('48', 'login', '^/member/login$', 'post', '', '1', '0');
INSERT INTO `permission` VALUES ('49', 'getMemberByUuid', '^/member/[^/]+$', 'get', 'uuid', '1', '1');
INSERT INTO `permission` VALUES ('50', 'getMemberListOfUser', '^/user/[^/]+/member$', 'get', '', '1', '1');
INSERT INTO `permission` VALUES ('51', 'register', '^/register$', 'post', '', '1', '1');
INSERT INTO `permission` VALUES ('52', 'addMember', '^/member$', 'post', '', '1', '1');
INSERT INTO `permission` VALUES ('53', 'modifyPassword', '^/member/password$', 'put', '', '1', '1');
INSERT INTO `permission` VALUES ('54', 'modifyMember', '^/member/[^/]+$', 'put', 'o.', '1', '1');
INSERT INTO `permission` VALUES ('55', 'deleteMember', '^/member/[^/]+$', 'delete', '', '1', '1');
INSERT INTO `permission` VALUES ('56', 'getMemberAndAgentListOfUser', '^/member/tree$', 'get', '', '1', '0');
INSERT INTO `permission` VALUES ('57', 'getMsgById', '^/publicMsg/[^/]+/[^/]+$', 'get', 'id/', '1', '0');
INSERT INTO `permission` VALUES ('58', 'getAllMsgs', '^/publicMsg/[^/]+/all$', 'get', '/', '1', '1');
INSERT INTO `permission` VALUES ('60', 'newMsg', '^/publicMsg/[^/]+$', 'post', '/', '1', '1');
INSERT INTO `permission` VALUES ('61', 'deleteMsg', '^/publicMsg/[^/]+/[^/]+$', 'delete', '/', '1', '1');
INSERT INTO `permission` VALUES ('62', 'modifyMsg', '^/publicMsg/[^/]+/[^/]+$', 'put', '/', '1', '1');
INSERT INTO `permission` VALUES ('63', 'login', '^/login$', 'post', '', '1', '0');
INSERT INTO `permission` VALUES ('64', 'modifyUserInfo', '^/user/[^/]+$', 'put', '', '1', '1');
INSERT INTO `permission` VALUES ('65', 'resetPwd', '^/user/[^/]+/password$', 'put', '', '1', '1');
INSERT INTO `permission` VALUES ('66', 'modifyState', '^/user/[^/]+/state$', 'put', '/', '1', '1');
INSERT INTO `permission` VALUES ('67', 'modifyLock', '^/user/[^/]+/locked$', 'put', '', '1', '1');
INSERT INTO `permission` VALUES ('68', 'modifyPassword', '^/user/password$', 'put', '', '1', '1');
INSERT INTO `permission` VALUES ('73', 'getLatestMsgs', '^/publicMsg/[^/]+/latest$', 'get', '', '1', '0');

-- ----------------------------
-- Table structure for `publicmsg`
-- ----------------------------
DROP TABLE IF EXISTS `publicmsg`;
CREATE TABLE `publicmsg` (
  `id` bigint(20) NOT NULL auto_increment,
  `type` varchar(30) NOT NULL,
  `content` varchar(255) default NULL,
  `createTime` bigint(20) default NULL,
  `publisher` varchar(40) default NULL,
  PRIMARY KEY  (`id`)
) ENGINE=InnoDB DEFAULT CHARSET=utf8;

-- ----------------------------
-- Records of publicmsg
-- ----------------------------
INSERT INTO `publicmsg` VALUES ('170', 'notice', 'test', '1412336282627', 'testAdmin');
INSERT INTO `publicmsg` VALUES ('173', 'news', '', '1412859097451', 'testAdmin');

-- ----------------------------
-- Table structure for `role_permission`
-- ----------------------------
DROP TABLE IF EXISTS `role_permission`;
CREATE TABLE `role_permission` (
  `roleID` int(20) NOT NULL,
  `permissionId` bigint(20) NOT NULL,
  PRIMARY KEY  (`roleID`,`permissionId`)
) ENGINE=InnoDB DEFAULT CHARSET=utf8;

-- ----------------------------
-- Records of role_permission
-- ----------------------------
INSERT INTO `role_permission` VALUES ('0', '1');
INSERT INTO `role_permission` VALUES ('0', '2');
INSERT INTO `role_permission` VALUES ('0', '3');
INSERT INTO `role_permission` VALUES ('0', '4');
INSERT INTO `role_permission` VALUES ('0', '5');
INSERT INTO `role_permission` VALUES ('0', '6');
INSERT INTO `role_permission` VALUES ('0', '7');
INSERT INTO `role_permission` VALUES ('0', '8');
INSERT INTO `role_permission` VALUES ('0', '10');
INSERT INTO `role_permission` VALUES ('0', '11');
INSERT INTO `role_permission` VALUES ('0', '12');
INSERT INTO `role_permission` VALUES ('0', '13');
INSERT INTO `role_permission` VALUES ('0', '16');
INSERT INTO `role_permission` VALUES ('0', '17');
INSERT INTO `role_permission` VALUES ('0', '18');
INSERT INTO `role_permission` VALUES ('0', '19');
INSERT INTO `role_permission` VALUES ('0', '20');
INSERT INTO `role_permission` VALUES ('0', '21');
INSERT INTO `role_permission` VALUES ('0', '22');
INSERT INTO `role_permission` VALUES ('0', '23');
INSERT INTO `role_permission` VALUES ('0', '24');
INSERT INTO `role_permission` VALUES ('0', '26');
INSERT INTO `role_permission` VALUES ('0', '28');
INSERT INTO `role_permission` VALUES ('0', '29');
INSERT INTO `role_permission` VALUES ('0', '30');
INSERT INTO `role_permission` VALUES ('0', '32');
INSERT INTO `role_permission` VALUES ('0', '36');
INSERT INTO `role_permission` VALUES ('0', '37');
INSERT INTO `role_permission` VALUES ('0', '38');
INSERT INTO `role_permission` VALUES ('0', '39');
INSERT INTO `role_permission` VALUES ('0', '40');
INSERT INTO `role_permission` VALUES ('0', '42');
INSERT INTO `role_permission` VALUES ('0', '43');
INSERT INTO `role_permission` VALUES ('0', '44');
INSERT INTO `role_permission` VALUES ('0', '45');
INSERT INTO `role_permission` VALUES ('0', '46');
INSERT INTO `role_permission` VALUES ('0', '47');
INSERT INTO `role_permission` VALUES ('0', '49');
INSERT INTO `role_permission` VALUES ('0', '50');
INSERT INTO `role_permission` VALUES ('0', '52');
INSERT INTO `role_permission` VALUES ('0', '53');
INSERT INTO `role_permission` VALUES ('0', '54');
INSERT INTO `role_permission` VALUES ('0', '55');
INSERT INTO `role_permission` VALUES ('0', '56');
INSERT INTO `role_permission` VALUES ('0', '57');
INSERT INTO `role_permission` VALUES ('0', '58');
INSERT INTO `role_permission` VALUES ('0', '59');
INSERT INTO `role_permission` VALUES ('0', '60');
INSERT INTO `role_permission` VALUES ('0', '61');
INSERT INTO `role_permission` VALUES ('0', '62');
INSERT INTO `role_permission` VALUES ('0', '63');
INSERT INTO `role_permission` VALUES ('0', '64');
INSERT INTO `role_permission` VALUES ('0', '65');
INSERT INTO `role_permission` VALUES ('0', '66');
INSERT INTO `role_permission` VALUES ('0', '67');
INSERT INTO `role_permission` VALUES ('0', '68');
INSERT INTO `role_permission` VALUES ('1', '1');
INSERT INTO `role_permission` VALUES ('1', '2');
INSERT INTO `role_permission` VALUES ('1', '3');
INSERT INTO `role_permission` VALUES ('1', '4');
INSERT INTO `role_permission` VALUES ('1', '5');
INSERT INTO `role_permission` VALUES ('1', '6');
INSERT INTO `role_permission` VALUES ('1', '7');
INSERT INTO `role_permission` VALUES ('1', '8');
INSERT INTO `role_permission` VALUES ('1', '10');
INSERT INTO `role_permission` VALUES ('1', '11');
INSERT INTO `role_permission` VALUES ('1', '12');
INSERT INTO `role_permission` VALUES ('1', '13');
INSERT INTO `role_permission` VALUES ('1', '16');
INSERT INTO `role_permission` VALUES ('1', '17');
INSERT INTO `role_permission` VALUES ('1', '18');
INSERT INTO `role_permission` VALUES ('1', '19');
INSERT INTO `role_permission` VALUES ('1', '20');
INSERT INTO `role_permission` VALUES ('1', '21');
INSERT INTO `role_permission` VALUES ('1', '22');
INSERT INTO `role_permission` VALUES ('1', '23');
INSERT INTO `role_permission` VALUES ('1', '26');
INSERT INTO `role_permission` VALUES ('1', '27');
INSERT INTO `role_permission` VALUES ('1', '28');
INSERT INTO `role_permission` VALUES ('1', '29');
INSERT INTO `role_permission` VALUES ('1', '30');
INSERT INTO `role_permission` VALUES ('1', '32');
INSERT INTO `role_permission` VALUES ('1', '36');
INSERT INTO `role_permission` VALUES ('1', '37');
INSERT INTO `role_permission` VALUES ('1', '38');
INSERT INTO `role_permission` VALUES ('1', '39');
INSERT INTO `role_permission` VALUES ('1', '40');
INSERT INTO `role_permission` VALUES ('1', '43');
INSERT INTO `role_permission` VALUES ('1', '44');
INSERT INTO `role_permission` VALUES ('1', '45');
INSERT INTO `role_permission` VALUES ('1', '46');
INSERT INTO `role_permission` VALUES ('1', '49');
INSERT INTO `role_permission` VALUES ('1', '50');
INSERT INTO `role_permission` VALUES ('1', '52');
INSERT INTO `role_permission` VALUES ('1', '53');
INSERT INTO `role_permission` VALUES ('1', '54');
INSERT INTO `role_permission` VALUES ('1', '56');
INSERT INTO `role_permission` VALUES ('1', '57');
INSERT INTO `role_permission` VALUES ('1', '58');
INSERT INTO `role_permission` VALUES ('1', '59');
INSERT INTO `role_permission` VALUES ('1', '60');
INSERT INTO `role_permission` VALUES ('1', '61');
INSERT INTO `role_permission` VALUES ('1', '62');
INSERT INTO `role_permission` VALUES ('1', '63');
INSERT INTO `role_permission` VALUES ('1', '64');
INSERT INTO `role_permission` VALUES ('1', '65');
INSERT INTO `role_permission` VALUES ('1', '66');
INSERT INTO `role_permission` VALUES ('1', '67');
INSERT INTO `role_permission` VALUES ('1', '68');
INSERT INTO `role_permission` VALUES ('2', '1');
INSERT INTO `role_permission` VALUES ('2', '2');
INSERT INTO `role_permission` VALUES ('2', '3');
INSERT INTO `role_permission` VALUES ('2', '4');
INSERT INTO `role_permission` VALUES ('2', '5');
INSERT INTO `role_permission` VALUES ('2', '7');
INSERT INTO `role_permission` VALUES ('2', '8');
INSERT INTO `role_permission` VALUES ('2', '10');
INSERT INTO `role_permission` VALUES ('2', '11');
INSERT INTO `role_permission` VALUES ('2', '12');
INSERT INTO `role_permission` VALUES ('2', '13');
INSERT INTO `role_permission` VALUES ('2', '16');
INSERT INTO `role_permission` VALUES ('2', '17');
INSERT INTO `role_permission` VALUES ('2', '18');
INSERT INTO `role_permission` VALUES ('2', '19');
INSERT INTO `role_permission` VALUES ('2', '20');
INSERT INTO `role_permission` VALUES ('2', '21');
INSERT INTO `role_permission` VALUES ('2', '22');
INSERT INTO `role_permission` VALUES ('2', '23');
INSERT INTO `role_permission` VALUES ('2', '26');
INSERT INTO `role_permission` VALUES ('2', '27');
INSERT INTO `role_permission` VALUES ('2', '28');
INSERT INTO `role_permission` VALUES ('2', '29');
INSERT INTO `role_permission` VALUES ('2', '30');
INSERT INTO `role_permission` VALUES ('2', '32');
INSERT INTO `role_permission` VALUES ('2', '36');
INSERT INTO `role_permission` VALUES ('2', '37');
INSERT INTO `role_permission` VALUES ('2', '38');
INSERT INTO `role_permission` VALUES ('2', '39');
INSERT INTO `role_permission` VALUES ('2', '40');
INSERT INTO `role_permission` VALUES ('2', '43');
INSERT INTO `role_permission` VALUES ('2', '44');
INSERT INTO `role_permission` VALUES ('2', '45');
INSERT INTO `role_permission` VALUES ('2', '46');
INSERT INTO `role_permission` VALUES ('2', '49');
INSERT INTO `role_permission` VALUES ('2', '50');
INSERT INTO `role_permission` VALUES ('2', '52');
INSERT INTO `role_permission` VALUES ('2', '53');
INSERT INTO `role_permission` VALUES ('2', '54');
INSERT INTO `role_permission` VALUES ('2', '56');
INSERT INTO `role_permission` VALUES ('2', '57');
INSERT INTO `role_permission` VALUES ('2', '58');
INSERT INTO `role_permission` VALUES ('2', '59');
INSERT INTO `role_permission` VALUES ('2', '60');
INSERT INTO `role_permission` VALUES ('2', '61');
INSERT INTO `role_permission` VALUES ('2', '62');
INSERT INTO `role_permission` VALUES ('2', '63');
INSERT INTO `role_permission` VALUES ('2', '64');
INSERT INTO `role_permission` VALUES ('2', '65');
INSERT INTO `role_permission` VALUES ('2', '66');
INSERT INTO `role_permission` VALUES ('2', '67');
INSERT INTO `role_permission` VALUES ('2', '68');
INSERT INTO `role_permission` VALUES ('3', '1');
INSERT INTO `role_permission` VALUES ('3', '2');
INSERT INTO `role_permission` VALUES ('3', '3');
INSERT INTO `role_permission` VALUES ('3', '4');
INSERT INTO `role_permission` VALUES ('3', '5');
INSERT INTO `role_permission` VALUES ('3', '7');
INSERT INTO `role_permission` VALUES ('3', '8');
INSERT INTO `role_permission` VALUES ('3', '9');
INSERT INTO `role_permission` VALUES ('3', '15');
INSERT INTO `role_permission` VALUES ('3', '20');
INSERT INTO `role_permission` VALUES ('3', '21');
INSERT INTO `role_permission` VALUES ('3', '22');
INSERT INTO `role_permission` VALUES ('3', '23');
INSERT INTO `role_permission` VALUES ('3', '34');
INSERT INTO `role_permission` VALUES ('3', '35');
INSERT INTO `role_permission` VALUES ('3', '37');
INSERT INTO `role_permission` VALUES ('3', '41');
INSERT INTO `role_permission` VALUES ('3', '42');
INSERT INTO `role_permission` VALUES ('3', '49');
INSERT INTO `role_permission` VALUES ('3', '50');
INSERT INTO `role_permission` VALUES ('3', '54');
INSERT INTO `role_permission` VALUES ('3', '56');
INSERT INTO `role_permission` VALUES ('3', '63');
INSERT INTO `role_permission` VALUES ('3', '64');
INSERT INTO `role_permission` VALUES ('3', '65');
INSERT INTO `role_permission` VALUES ('3', '66');
INSERT INTO `role_permission` VALUES ('3', '67');
INSERT INTO `role_permission` VALUES ('4', '1');
INSERT INTO `role_permission` VALUES ('4', '2');
INSERT INTO `role_permission` VALUES ('4', '3');
INSERT INTO `role_permission` VALUES ('4', '21');
INSERT INTO `role_permission` VALUES ('4', '22');
INSERT INTO `role_permission` VALUES ('4', '35');
INSERT INTO `role_permission` VALUES ('4', '41');
INSERT INTO `role_permission` VALUES ('4', '49');
INSERT INTO `role_permission` VALUES ('4', '50');
INSERT INTO `role_permission` VALUES ('4', '52');
INSERT INTO `role_permission` VALUES ('4', '56');
INSERT INTO `role_permission` VALUES ('4', '63');
INSERT INTO `role_permission` VALUES ('4', '64');
INSERT INTO `role_permission` VALUES ('4', '65');
INSERT INTO `role_permission` VALUES ('5', '8');
INSERT INTO `role_permission` VALUES ('5', '9');
INSERT INTO `role_permission` VALUES ('5', '14');
INSERT INTO `role_permission` VALUES ('5', '15');
INSERT INTO `role_permission` VALUES ('5', '18');
INSERT INTO `role_permission` VALUES ('5', '25');
INSERT INTO `role_permission` VALUES ('5', '26');
INSERT INTO `role_permission` VALUES ('5', '27');
INSERT INTO `role_permission` VALUES ('5', '31');
INSERT INTO `role_permission` VALUES ('5', '33');
INSERT INTO `role_permission` VALUES ('5', '34');
INSERT INTO `role_permission` VALUES ('5', '35');
INSERT INTO `role_permission` VALUES ('5', '39');
INSERT INTO `role_permission` VALUES ('5', '41');
INSERT INTO `role_permission` VALUES ('5', '42');
INSERT INTO `role_permission` VALUES ('5', '48');
INSERT INTO `role_permission` VALUES ('5', '49');
INSERT INTO `role_permission` VALUES ('5', '51');
INSERT INTO `role_permission` VALUES ('5', '53');
INSERT INTO `role_permission` VALUES ('5', '59');
INSERT INTO `role_permission` VALUES ('5', '60');

-- ----------------------------
-- Table structure for `user`
-- ----------------------------
DROP TABLE IF EXISTS `user`;
CREATE TABLE `user` (
  `uuid` varchar(128) NOT NULL default '',
  `username` varchar(40) default NULL,
  `password` varchar(32) default NULL,
  `authKey` varchar(40) default NULL,
  `state` int(8) default '0',
  `locked` int(8) default '0',
  `phone` varchar(40) default NULL,
  `email` varchar(255) default NULL,
  `role` int(8) default NULL,
  `createdTime` bigint(20) default NULL,
  `lastTime` bigint(20) default NULL,
  `pwdError` int(11) default NULL,
  `name` varchar(40) default NULL,
  PRIMARY KEY  (`uuid`)
) ENGINE=InnoDB DEFAULT CHARSET=utf8;

-- ----------------------------
-- Records of user
-- ----------------------------
INSERT INTO `user` VALUES ('07dd00c7-9736-48dd-a3ce-eb9de078d226', 'testAgent22', '1bbd886460827015e5d605ed44252251', null, '0', '0', '11', '11@qq.com', '3', '1412231847250', null, '0', null);
INSERT INTO `user` VALUES ('08eb8f6b-c46e-456f-bfca-48b861d0a6c6', 'testAgent130', '1bbd886460827015e5d605ed44252251', null, '0', '0', '11', '11@qq.com', '3', '1412329611876', null, '0', null);
INSERT INTO `user` VALUES ('0d76a609-789c-41c3-a723-6eb460645f68', 'testMember21', '1bbd886460827015e5d605ed44252251', null, '0', '0', '11', '11@qq.com', '5', '1412231785642', null, '0', '');
INSERT INTO `user` VALUES ('0eb81974-cb79-42a1-ac05-f0cf909fec27', 'testMember213', '1bbd886460827015e5d605ed44252251', null, '0', '0', '11', '11@qq.com', '5', '1412265932417', null, '0', '');
INSERT INTO `user` VALUES ('12797d28-1793-4805-83ac-46d985a42212', 'testMember122', '1bbd886460827015e5d605ed44252251', null, '0', '0', '11', '11@qq.com', '5', '1412265902329', null, '0', '');
INSERT INTO `user` VALUES ('18e18143-ca90-4fb4-929f-e2b557fdc69e', 'testMember2', '1bbd886460827015e5d605ed44252251', null, '0', '0', '11', '11@qq.com', '5', '1412231612883', null, '0', '');
INSERT INTO `user` VALUES ('1f242c97-4666-4aa0-9af5-3a8ff73a44d4', 'testMember211', '1bbd886460827015e5d605ed44252251', null, '0', '0', '11', '11@qq.com', '5', '1412265924951', null, '0', '');
INSERT INTO `user` VALUES ('210f1a87-8cb9-44a9-9cb6-995f9e53e59a', 'testMember111', '1bbd886460827015e5d605ed44252251', null, '0', '0', '11', '11@qq.com', '5', '1412265875387', null, '0', '');
INSERT INTO `user` VALUES ('234f8f7c-dd9c-4336-a223-16605cdfa92b', 'testMember24', '1bbd886460827015e5d605ed44252251', null, '0', '0', '11', '11@qq.com', '5', '1412265802686', null, '0', '');
INSERT INTO `user` VALUES ('2d04587f-ff51-4366-ac0a-1121fd57de00', 'testMember13', '1bbd886460827015e5d605ed44252251', null, '0', '0', '11', '11@qq.com', '5', '1412265841230', null, '0', '');
INSERT INTO `user` VALUES ('2d589948-6be4-44da-9ef7-f6d3597b8f6f', 'testMember1', '1bbd886460827015e5d605ed44252251', null, '0', '0', '11', '11@qq.com', '5', '1412231608109', null, '0', '');
INSERT INTO `user` VALUES ('32f31310-c2b0-4516-baf8-e564e8a85620', 'kefu', '1bbd886460827015e5d605ed44252251', '96f0b27f-bc23-4514-85b5-fd256faad043', '0', '0', '11', '11@qq.com', '2', '1412857560189', '1412857597394', null, null);
INSERT INTO `user` VALUES ('3486a8f5-7def-4e55-80dd-5fbcbed38dc2', 'testMember17', '1bbd886460827015e5d605ed44252251', null, '0', '0', '11', '11@qq.com', '5', '1412265855786', null, '0', '');
INSERT INTO `user` VALUES ('3b432675-0ce3-45f3-b3e7-96f38421ecb6', 'kefu1', '1bbd886460827015e5d605ed44252251', null, '0', '0', '11', '11@qq.com', '2', '1412858592398', null, null, null);
INSERT INTO `user` VALUES ('4308b4aa-1030-4d0e-a158-59367755bb18', 'testMember25', '1bbd886460827015e5d605ed44252251', null, '0', '0', '11', '11@qq.com', '5', '1412265817511', null, '0', '');
INSERT INTO `user` VALUES ('46e75998-5168-41af-b6a6-3e52ade22fbf', 'testMember212', '1bbd886460827015e5d605ed44252251', null, '0', '0', '11', '11@qq.com', '5', '1412265928660', null, '0', '');
INSERT INTO `user` VALUES ('516a94c9-58a4-4af5-b089-716e58c75cf6', 'testMember22', '1bbd886460827015e5d605ed44252251', null, '0', '0', '11', '11@qq.com', '5', '1412231790164', null, '0', '');
INSERT INTO `user` VALUES ('54ec68fb-ec94-41e3-ad76-1ef59a83a9c2', 'testMember14', '1bbd886460827015e5d605ed44252251', null, '0', '0', '11', '11@qq.com', '5', '1412265845470', null, '0', '');
INSERT INTO `user` VALUES ('5b60e302-72b7-4288-ad00-059a9b362fe2', 'testAgent2', '1bbd886460827015e5d605ed44252251', null, '0', '0', '11', '11@qq.com', '3', '1412231540306', null, '0', null);
INSERT INTO `user` VALUES ('6319c89d-066a-4054-a77a-6fa605b68b2a', 'testMember15', '1bbd886460827015e5d605ed44252251', null, '0', '0', '11', '11@qq.com', '5', '1412265848828', null, '0', '');
INSERT INTO `user` VALUES ('6a20036f-de4c-4bc5-8c88-b700a1083f6b', 'testMember18', '1bbd886460827015e5d605ed44252251', null, '0', '0', '11', '11@qq.com', '5', '1412265859669', null, '0', '');
INSERT INTO `user` VALUES ('6a317325-eb4f-4be4-9832-087da454905c', 'testMember114', '1bbd886460827015e5d605ed44252251', null, '0', '0', '11', '11@qq.com', '5', '1412265887069', null, '0', '');
INSERT INTO `user` VALUES ('72ff7ff7-e581-4043-bcbf-f411b1e90486', 'testAdmin', '1bbd886460827015e5d605ed44252251', 'feaba97a-1769-4b73-8741-1c6b935d3803', '0', '0', '1', '1@qq.com', '0', '1411289067191', '1412857670615', '0', null);
INSERT INTO `user` VALUES ('773af045-c2ee-44da-9f58-596d92dbcde7', 'testMember16', '1bbd886460827015e5d605ed44252251', null, '0', '0', '11', '11@qq.com', '5', '1412265852313', null, '0', '');
INSERT INTO `user` VALUES ('834c73ee-e6ce-4c92-9f02-ede3469cf1dc', 'testMember124', '1bbd886460827015e5d605ed44252251', null, '0', '0', '11', '11@qq.com', '5', '1412265909831', null, '0', '');
INSERT INTO `user` VALUES ('849665a7-5ffd-4ad7-b174-51d65e424565', 'testMember19', '1bbd886460827015e5d605ed44252251', null, '0', '0', '11', '11@qq.com', '5', '1412265863611', null, '0', '');
INSERT INTO `user` VALUES ('8fb01860-1232-4728-a23f-ad24423e864b', 'child22', '1bbd886460827015e5d605ed44252251', null, '0', '0', '11', '11@qq.com', '4', '1412858414992', null, '0', null);
INSERT INTO `user` VALUES ('95ce42be-b415-4f54-b0c5-91c16d10c598', 'testMember113', '1bbd886460827015e5d605ed44252251', null, '0', '0', '11', '11@qq.com', '5', '1412265883446', null, '0', '');
INSERT INTO `user` VALUES ('9773bc40-87eb-419b-bf8f-bed5d76b8cfd', 'putong', '1bbd886460827015e5d605ed44252251', '87c3c42b-37c0-499e-b1c7-2a6405298b4e', '0', '0', '11', '11@qq.com', '1', '1412857577133', '1412857622462', null, null);
INSERT INTO `user` VALUES ('9afe6650-c321-44c0-a112-a0cc668bc50a', 'testMember23', '1bbd886460827015e5d605ed44252251', null, '0', '0', '11', '11@qq.com', '5', '1412265798287', null, '0', '');
INSERT INTO `user` VALUES ('a011531d-10ab-46ce-b441-9d583ae08b14', 'testMember112', '1bbd886460827015e5d605ed44252251', null, '0', '0', '11', '11@qq.com', '5', '1412265879766', null, '0', '');
INSERT INTO `user` VALUES ('a79b541e-09cf-4a86-9f9e-155ba0e0fb40', 'testMember29', '1bbd886460827015e5d605ed44252251', null, '0', '0', '11', '11@qq.com', '5', '1412265829840', null, '0', '');
INSERT INTO `user` VALUES ('a990af5b-f606-4087-a29e-26d9b014ada4', 'testMember214', '1bbd886460827015e5d605ed44252251', null, '0', '0', '11', '11@qq.com', '5', '1412265936318', null, '0', '');
INSERT INTO `user` VALUES ('ac702291-d23b-4b0e-9807-e78faba9807c', 'testMember121', '1bbd886460827015e5d605ed44252251', null, '0', '0', '11', '11@qq.com', '5', '1412265899229', null, '0', '');
INSERT INTO `user` VALUES ('c3ff883a-e1c3-4532-a03a-1dc94eec6719', 'testMember123', '1bbd886460827015e5d605ed44252251', null, '0', '0', '11', '11@qq.com', '5', '1412265905591', null, '0', '');
INSERT INTO `user` VALUES ('c581fc82-bfb8-4bef-8702-730bff356fd8', 'testAgent21', '1bbd886460827015e5d605ed44252251', null, '0', '0', '11', '11@qq.com', '3', '1412231837954', null, '0', null);
INSERT INTO `user` VALUES ('c6811ead-29d3-4e80-8781-3577df619fb0', 'testAgent11', '1bbd886460827015e5d605ed44252251', null, '0', '0', '11', '11@qq.com', '3', '1412231708725', null, '0', null);
INSERT INTO `user` VALUES ('d2189954-af09-43a7-ad5e-ed55e3fdbd44', 'testAgent1', '1bbd886460827015e5d605ed44252251', '79d610d9-6340-4c64-b4f4-6243920f798c', '0', '0', '11', '11@qq.com', '3', '1412231536196', '1412856471839', '0', null);
INSERT INTO `user` VALUES ('dbab8ffd-13c2-4ba0-b638-6fa5ece26dfe', 'testMember28', '1bbd886460827015e5d605ed44252251', null, '0', '0', '11', '11@qq.com', '5', '1412265825396', null, '0', '');
INSERT INTO `user` VALUES ('dcfd6471-32c7-4f24-9086-bf75d65d2785', 'testMember12', '1bbd886460827015e5d605ed44252251', null, '0', '0', '11', '11@qq.com', '5', '1412231673905', null, '0', '');
INSERT INTO `user` VALUES ('e003af3b-b642-4906-b6ea-ecd7d978e7c7', 'testAgent12', '1bbd886460827015e5d605ed44252251', null, '0', '0', '11', '11@qq.com', '3', '1412231716036', null, '0', null);
INSERT INTO `user` VALUES ('e0501e33-167a-4409-9521-c39f82c618a5', 'testMember215', '1bbd886460827015e5d605ed44252251', null, '0', '0', '11', '11@qq.com', '5', '1412265940264', null, '0', '');
INSERT INTO `user` VALUES ('f12b6e34-894b-4522-8322-cab5512f013f', 'aaa', '1bbd886460827015e5d605ed44252251', null, '0', '0', '11', '111@qq.com', '5', '1412858351173', null, '0', 'aaa');
INSERT INTO `user` VALUES ('f5364dbc-d31b-476c-8e59-7d19946a8179', 'testMember26', '1bbd886460827015e5d605ed44252251', null, '0', '0', '11', '11@qq.com', '5', '1412265821731', null, '0', '');
INSERT INTO `user` VALUES ('fbce8d50-62bc-470e-ac8d-edfa3351febc', 'testMember125', '1bbd886460827015e5d605ed44252251', null, '0', '0', '11', '11@qq.com', '5', '1412265914748', null, '0', '');

-- ----------------------------
-- Table structure for `userlog`
-- ----------------------------
DROP TABLE IF EXISTS `userlog`;
CREATE TABLE `userlog` (
  `id` bigint(20) NOT NULL auto_increment,
  `time` bigint(20) NOT NULL,
  `ip` varchar(20) NOT NULL,
  `userId` varchar(40) NOT NULL,
  `username` varchar(40) default NULL,
  `pid` bigint(20) NOT NULL,
  `role` int(11) default NULL,
  `content` varchar(200) default NULL,
  `state` int(11) default NULL,
  PRIMARY KEY  (`id`)
) ENGINE=InnoDB DEFAULT CHARSET=utf8;

-- ----------------------------
-- Records of userlog
-- ----------------------------
INSERT INTO `userlog` VALUES ('2', '1412856472352', '127.0.0.1', 'd2189954-af09-43a7-ad5e-ed55e3fdbd44', 'testAgent1', '42', '3', '', '1');
INSERT INTO `userlog` VALUES ('3', '1412856487567', '127.0.0.1', 'd2189954-af09-43a7-ad5e-ed55e3fdbd44', 'testAgent1', '50', '3', '', '1');
INSERT INTO `userlog` VALUES ('4', '1412856487647', '127.0.0.1', 'd2189954-af09-43a7-ad5e-ed55e3fdbd44', 'testAgent1', '21', '3', '', '1');
INSERT INTO `userlog` VALUES ('5', '1412856487765', '127.0.0.1', 'd2189954-af09-43a7-ad5e-ed55e3fdbd44', 'testAgent1', '50', '3', '', '1');
INSERT INTO `userlog` VALUES ('6', '1412856487837', '127.0.0.1', 'd2189954-af09-43a7-ad5e-ed55e3fdbd44', 'testAgent1', '21', '3', '', '1');
INSERT INTO `userlog` VALUES ('7', '1412856489880', '127.0.0.1', 'd2189954-af09-43a7-ad5e-ed55e3fdbd44', 'testAgent1', '50', '3', '', '1');
INSERT INTO `userlog` VALUES ('8', '1412856492790', '127.0.0.1', 'd2189954-af09-43a7-ad5e-ed55e3fdbd44', 'testAgent1', '7', '3', '', '1');
INSERT INTO `userlog` VALUES ('9', '1412856493487', '127.0.0.1', 'd2189954-af09-43a7-ad5e-ed55e3fdbd44', 'testAgent1', '7', '3', '', '1');
INSERT INTO `userlog` VALUES ('10', '1412856504349', '127.0.0.1', 'd2189954-af09-43a7-ad5e-ed55e3fdbd44', 'testAgent1', '50', '3', '', '1');
INSERT INTO `userlog` VALUES ('11', '1412856513857', '127.0.0.1', 'd2189954-af09-43a7-ad5e-ed55e3fdbd44', 'testAgent1', '67', '3', '', '1');
INSERT INTO `userlog` VALUES ('12', '1412856514514', '127.0.0.1', 'd2189954-af09-43a7-ad5e-ed55e3fdbd44', 'testAgent1', '67', '3', '', '1');
INSERT INTO `userlog` VALUES ('13', '1412856515125', '127.0.0.1', 'd2189954-af09-43a7-ad5e-ed55e3fdbd44', 'testAgent1', '66', '3', '/', '1');
INSERT INTO `userlog` VALUES ('14', '1412856515569', '127.0.0.1', 'd2189954-af09-43a7-ad5e-ed55e3fdbd44', 'testAgent1', '66', '3', '/', '1');
INSERT INTO `userlog` VALUES ('15', '1412856523020', '127.0.0.1', 'd2189954-af09-43a7-ad5e-ed55e3fdbd44', 'testAgent1', '2', '3', 'id', '1');
INSERT INTO `userlog` VALUES ('16', '1412856524508', '127.0.0.1', 'd2189954-af09-43a7-ad5e-ed55e3fdbd44', 'testAgent1', '21', '3', '', '1');
INSERT INTO `userlog` VALUES ('17', '1412856534556', '127.0.0.1', 'd2189954-af09-43a7-ad5e-ed55e3fdbd44', 'testAgent1', '2', '3', 'id', '1');
INSERT INTO `userlog` VALUES ('18', '1412856550368', '127.0.0.1', '72ff7ff7-e581-4043-bcbf-f411b1e90486', 'testAdmin', '36', '0', '', '1');
INSERT INTO `userlog` VALUES ('19', '1412856558497', '127.0.0.1', '72ff7ff7-e581-4043-bcbf-f411b1e90486', 'testAdmin', '36', '0', '', '1');
INSERT INTO `userlog` VALUES ('20', '1412856558932', '127.0.0.1', '72ff7ff7-e581-4043-bcbf-f411b1e90486', 'testAdmin', '58', '0', '/', '1');
INSERT INTO `userlog` VALUES ('21', '1412856559545', '127.0.0.1', '72ff7ff7-e581-4043-bcbf-f411b1e90486', 'testAdmin', '58', '0', '/', '1');
INSERT INTO `userlog` VALUES ('22', '1412856561270', '127.0.0.1', '72ff7ff7-e581-4043-bcbf-f411b1e90486', 'testAdmin', '58', '0', '/', '1');
INSERT INTO `userlog` VALUES ('23', '1412856566201', '127.0.0.1', '72ff7ff7-e581-4043-bcbf-f411b1e90486', 'testAdmin', '60', '0', '/', '1');
INSERT INTO `userlog` VALUES ('24', '1412856567489', '127.0.0.1', '72ff7ff7-e581-4043-bcbf-f411b1e90486', 'testAdmin', '58', '0', '/', '1');
INSERT INTO `userlog` VALUES ('25', '1412856570079', '127.0.0.1', '72ff7ff7-e581-4043-bcbf-f411b1e90486', 'testAdmin', '61', '0', '/', '1');
INSERT INTO `userlog` VALUES ('26', '1412856629862', '127.0.0.1', '72ff7ff7-e581-4043-bcbf-f411b1e90486', 'testAdmin', '13', '0', '', '1');
INSERT INTO `userlog` VALUES ('27', '1412856631687', '127.0.0.1', '72ff7ff7-e581-4043-bcbf-f411b1e90486', 'testAdmin', '11', '0', '', '1');
INSERT INTO `userlog` VALUES ('28', '1412856633709', '127.0.0.1', '72ff7ff7-e581-4043-bcbf-f411b1e90486', 'testAdmin', '13', '0', '', '1');
INSERT INTO `userlog` VALUES ('29', '1412856634834', '127.0.0.1', '72ff7ff7-e581-4043-bcbf-f411b1e90486', 'testAdmin', '12', '0', '', '1');
INSERT INTO `userlog` VALUES ('30', '1412856637759', '127.0.0.1', '72ff7ff7-e581-4043-bcbf-f411b1e90486', 'testAdmin', '17', '0', '', '0');
INSERT INTO `userlog` VALUES ('31', '1412856641371', '127.0.0.1', '72ff7ff7-e581-4043-bcbf-f411b1e90486', 'testAdmin', '17', '0', '', '0');
INSERT INTO `userlog` VALUES ('32', '1412856648500', '127.0.0.1', '72ff7ff7-e581-4043-bcbf-f411b1e90486', 'testAdmin', '17', '0', '', '0');
INSERT INTO `userlog` VALUES ('33', '1412856814419', '127.0.0.1', '72ff7ff7-e581-4043-bcbf-f411b1e90486', 'testAdmin', '17', '0', '', '0');
INSERT INTO `userlog` VALUES ('34', '1412856896284', '127.0.0.1', '72ff7ff7-e581-4043-bcbf-f411b1e90486', 'testAdmin', '17', '0', '', '0');
INSERT INTO `userlog` VALUES ('35', '1412857421855', '127.0.0.1', '72ff7ff7-e581-4043-bcbf-f411b1e90486', 'testAdmin', '17', '0', '', '0');
INSERT INTO `userlog` VALUES ('36', '1412857426897', '127.0.0.1', '72ff7ff7-e581-4043-bcbf-f411b1e90486', 'testAdmin', '17', '0', '', '0');
INSERT INTO `userlog` VALUES ('37', '1412857462311', '127.0.0.1', '72ff7ff7-e581-4043-bcbf-f411b1e90486', 'testAdmin', '17', '0', '', '0');
INSERT INTO `userlog` VALUES ('38', '1412857540566', '127.0.0.1', '72ff7ff7-e581-4043-bcbf-f411b1e90486', 'testAdmin', '44', '0', '', '1');
INSERT INTO `userlog` VALUES ('39', '1412857541843', '127.0.0.1', '72ff7ff7-e581-4043-bcbf-f411b1e90486', 'testAdmin', '44', '0', '', '1');
INSERT INTO `userlog` VALUES ('40', '1412857560279', '127.0.0.1', '72ff7ff7-e581-4043-bcbf-f411b1e90486', 'testAdmin', '45', '0', '', '1');
INSERT INTO `userlog` VALUES ('41', '1412857577278', '127.0.0.1', '72ff7ff7-e581-4043-bcbf-f411b1e90486', 'testAdmin', '45', '0', '', '1');
INSERT INTO `userlog` VALUES ('42', '1412857579847', '127.0.0.1', '72ff7ff7-e581-4043-bcbf-f411b1e90486', 'testAdmin', '44', '0', '', '1');
INSERT INTO `userlog` VALUES ('43', '1412857601407', '127.0.0.1', '32f31310-c2b0-4516-baf8-e564e8a85620', 'kefu', '17', '2', '', '1');
INSERT INTO `userlog` VALUES ('44', '1412857608045', '127.0.0.1', '32f31310-c2b0-4516-baf8-e564e8a85620', 'kefu', '13', '2', '', '1');
INSERT INTO `userlog` VALUES ('45', '1412857626353', '127.0.0.1', '9773bc40-87eb-419b-bf8f-bed5d76b8cfd', 'putong', '13', '1', '', '1');
INSERT INTO `userlog` VALUES ('46', '1412857628583', '127.0.0.1', '9773bc40-87eb-419b-bf8f-bed5d76b8cfd', 'putong', '17', '1', '', '1');
INSERT INTO `userlog` VALUES ('47', '1412857631903', '127.0.0.1', '9773bc40-87eb-419b-bf8f-bed5d76b8cfd', 'putong', '17', '1', '', '1');
INSERT INTO `userlog` VALUES ('48', '1412857634911', '127.0.0.1', '9773bc40-87eb-419b-bf8f-bed5d76b8cfd', 'putong', '17', '1', '', '1');
INSERT INTO `userlog` VALUES ('49', '1412857636144', '127.0.0.1', '9773bc40-87eb-419b-bf8f-bed5d76b8cfd', 'putong', '16', '1', '', '1');
INSERT INTO `userlog` VALUES ('50', '1412857638430', '127.0.0.1', '9773bc40-87eb-419b-bf8f-bed5d76b8cfd', 'putong', '17', '1', '', '1');
INSERT INTO `userlog` VALUES ('51', '1412857639507', '127.0.0.1', '9773bc40-87eb-419b-bf8f-bed5d76b8cfd', 'putong', '16', '1', '', '1');
INSERT INTO `userlog` VALUES ('52', '1412857642574', '127.0.0.1', '9773bc40-87eb-419b-bf8f-bed5d76b8cfd', 'putong', '17', '1', '', '1');
INSERT INTO `userlog` VALUES ('53', '1412857674540', '127.0.0.1', '72ff7ff7-e581-4043-bcbf-f411b1e90486', 'testAdmin', '17', '0', '', '0');
INSERT INTO `userlog` VALUES ('54', '1412857757146', '127.0.0.1', '72ff7ff7-e581-4043-bcbf-f411b1e90486', 'testAdmin', '17', '0', '', '0');
INSERT INTO `userlog` VALUES ('55', '1412857884913', '127.0.0.1', '72ff7ff7-e581-4043-bcbf-f411b1e90486', 'testAdmin', '17', '0', '', '1');
INSERT INTO `userlog` VALUES ('56', '1412857895460', '127.0.0.1', '72ff7ff7-e581-4043-bcbf-f411b1e90486', 'testAdmin', '17', '0', '', '1');
INSERT INTO `userlog` VALUES ('57', '1412857898120', '127.0.0.1', '72ff7ff7-e581-4043-bcbf-f411b1e90486', 'testAdmin', '17', '0', '', '1');
INSERT INTO `userlog` VALUES ('58', '1412857900486', '127.0.0.1', '72ff7ff7-e581-4043-bcbf-f411b1e90486', 'testAdmin', '17', '0', '', '1');
INSERT INTO `userlog` VALUES ('59', '1412857902408', '127.0.0.1', '72ff7ff7-e581-4043-bcbf-f411b1e90486', 'testAdmin', '17', '0', '', '1');
INSERT INTO `userlog` VALUES ('60', '1412857906319', '127.0.0.1', '72ff7ff7-e581-4043-bcbf-f411b1e90486', 'testAdmin', '17', '0', '', '1');
INSERT INTO `userlog` VALUES ('61', '1412857907650', '127.0.0.1', '72ff7ff7-e581-4043-bcbf-f411b1e90486', 'testAdmin', '16', '0', '', '0');
INSERT INTO `userlog` VALUES ('62', '1412857952007', '127.0.0.1', '72ff7ff7-e581-4043-bcbf-f411b1e90486', 'testAdmin', '16', '0', '', '0');
INSERT INTO `userlog` VALUES ('63', '1412858154958', '127.0.0.1', '72ff7ff7-e581-4043-bcbf-f411b1e90486', 'testAdmin', '17', '0', '', '1');
INSERT INTO `userlog` VALUES ('64', '1412858156494', '127.0.0.1', '72ff7ff7-e581-4043-bcbf-f411b1e90486', 'testAdmin', '16', '0', '', '1');
INSERT INTO `userlog` VALUES ('65', '1412858159691', '127.0.0.1', '72ff7ff7-e581-4043-bcbf-f411b1e90486', 'testAdmin', '17', '0', '', '1');
INSERT INTO `userlog` VALUES ('66', '1412858160694', '127.0.0.1', '72ff7ff7-e581-4043-bcbf-f411b1e90486', 'testAdmin', '16', '0', '', '1');
INSERT INTO `userlog` VALUES ('67', '1412858164971', '127.0.0.1', '72ff7ff7-e581-4043-bcbf-f411b1e90486', 'testAdmin', '17', '0', '', '1');
INSERT INTO `userlog` VALUES ('68', '1412858199120', '127.0.0.1', '72ff7ff7-e581-4043-bcbf-f411b1e90486', 'testAdmin', '16', '0', '', '1');
INSERT INTO `userlog` VALUES ('69', '1412858212653', '127.0.0.1', '72ff7ff7-e581-4043-bcbf-f411b1e90486', 'testAdmin', '17', '0', '', '1');
INSERT INTO `userlog` VALUES ('70', '1412858218255', '127.0.0.1', '72ff7ff7-e581-4043-bcbf-f411b1e90486', 'testAdmin', '13', '0', '', '1');
INSERT INTO `userlog` VALUES ('71', '1412858219670', '127.0.0.1', '72ff7ff7-e581-4043-bcbf-f411b1e90486', 'testAdmin', '11', '0', '', '1');
INSERT INTO `userlog` VALUES ('72', '1412858222230', '127.0.0.1', '72ff7ff7-e581-4043-bcbf-f411b1e90486', 'testAdmin', '13', '0', '', '1');
INSERT INTO `userlog` VALUES ('73', '1412858223337', '127.0.0.1', '72ff7ff7-e581-4043-bcbf-f411b1e90486', 'testAdmin', '12', '0', '', '1');
INSERT INTO `userlog` VALUES ('74', '1412858225236', '127.0.0.1', '72ff7ff7-e581-4043-bcbf-f411b1e90486', 'testAdmin', '13', '0', '', '1');
INSERT INTO `userlog` VALUES ('75', '1412858228537', '127.0.0.1', '72ff7ff7-e581-4043-bcbf-f411b1e90486', 'testAdmin', '17', '0', '', '1');
INSERT INTO `userlog` VALUES ('76', '1412858235320', '127.0.0.1', '72ff7ff7-e581-4043-bcbf-f411b1e90486', 'testAdmin', '50', '0', '', '1');
INSERT INTO `userlog` VALUES ('77', '1412858235463', '127.0.0.1', '72ff7ff7-e581-4043-bcbf-f411b1e90486', 'testAdmin', '21', '0', '', '1');
INSERT INTO `userlog` VALUES ('78', '1412858235608', '127.0.0.1', '72ff7ff7-e581-4043-bcbf-f411b1e90486', 'testAdmin', '50', '0', '', '1');
INSERT INTO `userlog` VALUES ('79', '1412858235677', '127.0.0.1', '72ff7ff7-e581-4043-bcbf-f411b1e90486', 'testAdmin', '21', '0', '', '1');
INSERT INTO `userlog` VALUES ('80', '1412858237741', '127.0.0.1', '72ff7ff7-e581-4043-bcbf-f411b1e90486', 'testAdmin', '50', '0', '', '1');
INSERT INTO `userlog` VALUES ('81', '1412858237911', '127.0.0.1', '72ff7ff7-e581-4043-bcbf-f411b1e90486', 'testAdmin', '21', '0', '', '1');
INSERT INTO `userlog` VALUES ('82', '1412858238066', '127.0.0.1', '72ff7ff7-e581-4043-bcbf-f411b1e90486', 'testAdmin', '50', '0', '', '1');
INSERT INTO `userlog` VALUES ('83', '1412858238134', '127.0.0.1', '72ff7ff7-e581-4043-bcbf-f411b1e90486', 'testAdmin', '21', '0', '', '1');
INSERT INTO `userlog` VALUES ('84', '1412858242011', '127.0.0.1', '72ff7ff7-e581-4043-bcbf-f411b1e90486', 'testAdmin', '66', '0', '/', '1');
INSERT INTO `userlog` VALUES ('85', '1412858242926', '127.0.0.1', '72ff7ff7-e581-4043-bcbf-f411b1e90486', 'testAdmin', '66', '0', '/', '1');
INSERT INTO `userlog` VALUES ('86', '1412858243723', '127.0.0.1', '72ff7ff7-e581-4043-bcbf-f411b1e90486', 'testAdmin', '67', '0', '', '1');
INSERT INTO `userlog` VALUES ('87', '1412858244481', '127.0.0.1', '72ff7ff7-e581-4043-bcbf-f411b1e90486', 'testAdmin', '67', '0', '', '1');
INSERT INTO `userlog` VALUES ('88', '1412858245434', '127.0.0.1', '72ff7ff7-e581-4043-bcbf-f411b1e90486', 'testAdmin', '7', '0', '', '1');
INSERT INTO `userlog` VALUES ('89', '1412858246404', '127.0.0.1', '72ff7ff7-e581-4043-bcbf-f411b1e90486', 'testAdmin', '7', '0', '', '1');
INSERT INTO `userlog` VALUES ('90', '1412858247337', '127.0.0.1', '72ff7ff7-e581-4043-bcbf-f411b1e90486', 'testAdmin', '7', '0', '', '1');
INSERT INTO `userlog` VALUES ('91', '1412858247993', '127.0.0.1', '72ff7ff7-e581-4043-bcbf-f411b1e90486', 'testAdmin', '7', '0', '', '1');
INSERT INTO `userlog` VALUES ('92', '1412858248693', '127.0.0.1', '72ff7ff7-e581-4043-bcbf-f411b1e90486', 'testAdmin', '67', '0', '', '1');
INSERT INTO `userlog` VALUES ('93', '1412858249337', '127.0.0.1', '72ff7ff7-e581-4043-bcbf-f411b1e90486', 'testAdmin', '67', '0', '', '1');
INSERT INTO `userlog` VALUES ('94', '1412858249892', '127.0.0.1', '72ff7ff7-e581-4043-bcbf-f411b1e90486', 'testAdmin', '66', '0', '/', '1');
INSERT INTO `userlog` VALUES ('95', '1412858251244', '127.0.0.1', '72ff7ff7-e581-4043-bcbf-f411b1e90486', 'testAdmin', '66', '0', '/', '1');
INSERT INTO `userlog` VALUES ('96', '1412858258601', '127.0.0.1', '72ff7ff7-e581-4043-bcbf-f411b1e90486', 'testAdmin', '5', '0', '', '1');
INSERT INTO `userlog` VALUES ('97', '1412858260307', '127.0.0.1', '72ff7ff7-e581-4043-bcbf-f411b1e90486', 'testAdmin', '50', '0', '', '1');
INSERT INTO `userlog` VALUES ('98', '1412858260426', '127.0.0.1', '72ff7ff7-e581-4043-bcbf-f411b1e90486', 'testAdmin', '21', '0', '', '1');
INSERT INTO `userlog` VALUES ('99', '1412858260551', '127.0.0.1', '72ff7ff7-e581-4043-bcbf-f411b1e90486', 'testAdmin', '50', '0', '', '1');
INSERT INTO `userlog` VALUES ('100', '1412858260622', '127.0.0.1', '72ff7ff7-e581-4043-bcbf-f411b1e90486', 'testAdmin', '21', '0', '', '1');
INSERT INTO `userlog` VALUES ('101', '1412858273170', '127.0.0.1', '72ff7ff7-e581-4043-bcbf-f411b1e90486', 'testAdmin', '66', '0', '/', '1');
INSERT INTO `userlog` VALUES ('102', '1412858273870', '127.0.0.1', '72ff7ff7-e581-4043-bcbf-f411b1e90486', 'testAdmin', '66', '0', '/', '1');
INSERT INTO `userlog` VALUES ('103', '1412858274481', '127.0.0.1', '72ff7ff7-e581-4043-bcbf-f411b1e90486', 'testAdmin', '67', '0', '', '1');
INSERT INTO `userlog` VALUES ('104', '1412858275054', '127.0.0.1', '72ff7ff7-e581-4043-bcbf-f411b1e90486', 'testAdmin', '67', '0', '', '1');
INSERT INTO `userlog` VALUES ('105', '1412858275803', '127.0.0.1', '72ff7ff7-e581-4043-bcbf-f411b1e90486', 'testAdmin', '7', '0', '', '1');
INSERT INTO `userlog` VALUES ('106', '1412858276466', '127.0.0.1', '72ff7ff7-e581-4043-bcbf-f411b1e90486', 'testAdmin', '7', '0', '', '1');
INSERT INTO `userlog` VALUES ('107', '1412858278270', '127.0.0.1', '72ff7ff7-e581-4043-bcbf-f411b1e90486', 'testAdmin', '50', '0', '', '1');
INSERT INTO `userlog` VALUES ('108', '1412858279580', '127.0.0.1', '72ff7ff7-e581-4043-bcbf-f411b1e90486', 'testAdmin', '66', '0', '/', '1');
INSERT INTO `userlog` VALUES ('109', '1412858280266', '127.0.0.1', '72ff7ff7-e581-4043-bcbf-f411b1e90486', 'testAdmin', '66', '0', '/', '1');
INSERT INTO `userlog` VALUES ('110', '1412858281137', '127.0.0.1', '72ff7ff7-e581-4043-bcbf-f411b1e90486', 'testAdmin', '67', '0', '', '1');
INSERT INTO `userlog` VALUES ('111', '1412858282237', '127.0.0.1', '72ff7ff7-e581-4043-bcbf-f411b1e90486', 'testAdmin', '67', '0', '', '1');
INSERT INTO `userlog` VALUES ('112', '1412858285821', '127.0.0.1', '72ff7ff7-e581-4043-bcbf-f411b1e90486', 'testAdmin', '55', '0', '', '1');
INSERT INTO `userlog` VALUES ('113', '1412858287202', '127.0.0.1', '72ff7ff7-e581-4043-bcbf-f411b1e90486', 'testAdmin', '50', '0', '', '1');
INSERT INTO `userlog` VALUES ('114', '1412858293529', '127.0.0.1', '72ff7ff7-e581-4043-bcbf-f411b1e90486', 'testAdmin', '50', '0', '', '1');
INSERT INTO `userlog` VALUES ('115', '1412858298625', '127.0.0.1', '72ff7ff7-e581-4043-bcbf-f411b1e90486', 'testAdmin', '54', '0', 'o.', '1');
INSERT INTO `userlog` VALUES ('116', '1412858300075', '127.0.0.1', '72ff7ff7-e581-4043-bcbf-f411b1e90486', 'testAdmin', '50', '0', '', '1');
INSERT INTO `userlog` VALUES ('117', '1412858311088', '127.0.0.1', '72ff7ff7-e581-4043-bcbf-f411b1e90486', 'testAdmin', '50', '0', '', '1');
INSERT INTO `userlog` VALUES ('118', '1412858315810', '127.0.0.1', '72ff7ff7-e581-4043-bcbf-f411b1e90486', 'testAdmin', '66', '0', '/', '1');
INSERT INTO `userlog` VALUES ('119', '1412858316425', '127.0.0.1', '72ff7ff7-e581-4043-bcbf-f411b1e90486', 'testAdmin', '66', '0', '/', '1');
INSERT INTO `userlog` VALUES ('120', '1412858317210', '127.0.0.1', '72ff7ff7-e581-4043-bcbf-f411b1e90486', 'testAdmin', '67', '0', '', '1');
INSERT INTO `userlog` VALUES ('121', '1412858317881', '127.0.0.1', '72ff7ff7-e581-4043-bcbf-f411b1e90486', 'testAdmin', '67', '0', '', '1');
INSERT INTO `userlog` VALUES ('122', '1412858319024', '127.0.0.1', '72ff7ff7-e581-4043-bcbf-f411b1e90486', 'testAdmin', '50', '0', '', '1');
INSERT INTO `userlog` VALUES ('123', '1412858351381', '127.0.0.1', '72ff7ff7-e581-4043-bcbf-f411b1e90486', 'testAdmin', '52', '0', '', '1');
INSERT INTO `userlog` VALUES ('124', '1412858353956', '127.0.0.1', '72ff7ff7-e581-4043-bcbf-f411b1e90486', 'testAdmin', '50', '0', '', '1');
INSERT INTO `userlog` VALUES ('125', '1412858357633', '127.0.0.1', '72ff7ff7-e581-4043-bcbf-f411b1e90486', 'testAdmin', '50', '0', '', '1');
INSERT INTO `userlog` VALUES ('126', '1412858357725', '127.0.0.1', '72ff7ff7-e581-4043-bcbf-f411b1e90486', 'testAdmin', '21', '0', '', '1');
INSERT INTO `userlog` VALUES ('127', '1412858357840', '127.0.0.1', '72ff7ff7-e581-4043-bcbf-f411b1e90486', 'testAdmin', '50', '0', '', '1');
INSERT INTO `userlog` VALUES ('128', '1412858357913', '127.0.0.1', '72ff7ff7-e581-4043-bcbf-f411b1e90486', 'testAdmin', '21', '0', '', '1');
INSERT INTO `userlog` VALUES ('129', '1412858359807', '127.0.0.1', '72ff7ff7-e581-4043-bcbf-f411b1e90486', 'testAdmin', '50', '0', '', '1');
INSERT INTO `userlog` VALUES ('130', '1412858364449', '127.0.0.1', '72ff7ff7-e581-4043-bcbf-f411b1e90486', 'testAdmin', '50', '0', '', '1');
INSERT INTO `userlog` VALUES ('131', '1412858369129', '127.0.0.1', '72ff7ff7-e581-4043-bcbf-f411b1e90486', 'testAdmin', '50', '0', '', '1');
INSERT INTO `userlog` VALUES ('132', '1412858376569', '127.0.0.1', '72ff7ff7-e581-4043-bcbf-f411b1e90486', 'testAdmin', '50', '0', '', '1');
INSERT INTO `userlog` VALUES ('133', '1412858376657', '127.0.0.1', '72ff7ff7-e581-4043-bcbf-f411b1e90486', 'testAdmin', '21', '0', '', '1');
INSERT INTO `userlog` VALUES ('134', '1412858376775', '127.0.0.1', '72ff7ff7-e581-4043-bcbf-f411b1e90486', 'testAdmin', '50', '0', '', '1');
INSERT INTO `userlog` VALUES ('135', '1412858376859', '127.0.0.1', '72ff7ff7-e581-4043-bcbf-f411b1e90486', 'testAdmin', '21', '0', '', '1');
INSERT INTO `userlog` VALUES ('136', '1412858378256', '127.0.0.1', '72ff7ff7-e581-4043-bcbf-f411b1e90486', 'testAdmin', '50', '0', '', '1');
INSERT INTO `userlog` VALUES ('137', '1412858378359', '127.0.0.1', '72ff7ff7-e581-4043-bcbf-f411b1e90486', 'testAdmin', '21', '0', '', '1');
INSERT INTO `userlog` VALUES ('138', '1412858378499', '127.0.0.1', '72ff7ff7-e581-4043-bcbf-f411b1e90486', 'testAdmin', '50', '0', '', '1');
INSERT INTO `userlog` VALUES ('139', '1412858378568', '127.0.0.1', '72ff7ff7-e581-4043-bcbf-f411b1e90486', 'testAdmin', '21', '0', '', '1');
INSERT INTO `userlog` VALUES ('140', '1412858379658', '127.0.0.1', '72ff7ff7-e581-4043-bcbf-f411b1e90486', 'testAdmin', '50', '0', '', '1');
INSERT INTO `userlog` VALUES ('141', '1412858415291', '127.0.0.1', '72ff7ff7-e581-4043-bcbf-f411b1e90486', 'testAdmin', '22', '0', '', '1');
INSERT INTO `userlog` VALUES ('142', '1412858418255', '127.0.0.1', '72ff7ff7-e581-4043-bcbf-f411b1e90486', 'testAdmin', '50', '0', '', '1');
INSERT INTO `userlog` VALUES ('143', '1412858418322', '127.0.0.1', '72ff7ff7-e581-4043-bcbf-f411b1e90486', 'testAdmin', '21', '0', '', '1');
INSERT INTO `userlog` VALUES ('144', '1412858418441', '127.0.0.1', '72ff7ff7-e581-4043-bcbf-f411b1e90486', 'testAdmin', '50', '0', '', '1');
INSERT INTO `userlog` VALUES ('145', '1412858418508', '127.0.0.1', '72ff7ff7-e581-4043-bcbf-f411b1e90486', 'testAdmin', '21', '0', '', '1');
INSERT INTO `userlog` VALUES ('146', '1412858420503', '127.0.0.1', '72ff7ff7-e581-4043-bcbf-f411b1e90486', 'testAdmin', '21', '0', '', '1');
INSERT INTO `userlog` VALUES ('147', '1412858421802', '127.0.0.1', '72ff7ff7-e581-4043-bcbf-f411b1e90486', 'testAdmin', '66', '0', '/', '1');
INSERT INTO `userlog` VALUES ('148', '1412858422431', '127.0.0.1', '72ff7ff7-e581-4043-bcbf-f411b1e90486', 'testAdmin', '66', '0', '/', '1');
INSERT INTO `userlog` VALUES ('149', '1412858423086', '127.0.0.1', '72ff7ff7-e581-4043-bcbf-f411b1e90486', 'testAdmin', '67', '0', '', '1');
INSERT INTO `userlog` VALUES ('150', '1412858423735', '127.0.0.1', '72ff7ff7-e581-4043-bcbf-f411b1e90486', 'testAdmin', '67', '0', '', '1');
INSERT INTO `userlog` VALUES ('151', '1412858425479', '127.0.0.1', '72ff7ff7-e581-4043-bcbf-f411b1e90486', 'testAdmin', '44', '0', '', '1');
INSERT INTO `userlog` VALUES ('152', '1412858427535', '127.0.0.1', '72ff7ff7-e581-4043-bcbf-f411b1e90486', 'testAdmin', '66', '0', '/', '1');
INSERT INTO `userlog` VALUES ('153', '1412858428302', '127.0.0.1', '72ff7ff7-e581-4043-bcbf-f411b1e90486', 'testAdmin', '66', '0', '/', '1');
INSERT INTO `userlog` VALUES ('154', '1412858428935', '127.0.0.1', '72ff7ff7-e581-4043-bcbf-f411b1e90486', 'testAdmin', '67', '0', '', '1');
INSERT INTO `userlog` VALUES ('155', '1412858429568', '127.0.0.1', '72ff7ff7-e581-4043-bcbf-f411b1e90486', 'testAdmin', '67', '0', '', '1');
INSERT INTO `userlog` VALUES ('156', '1412858431283', '127.0.0.1', '72ff7ff7-e581-4043-bcbf-f411b1e90486', 'testAdmin', '44', '0', '', '1');
INSERT INTO `userlog` VALUES ('157', '1412858432235', '127.0.0.1', '72ff7ff7-e581-4043-bcbf-f411b1e90486', 'testAdmin', '66', '0', '/', '1');
INSERT INTO `userlog` VALUES ('158', '1412858432841', '127.0.0.1', '72ff7ff7-e581-4043-bcbf-f411b1e90486', 'testAdmin', '66', '0', '/', '1');
INSERT INTO `userlog` VALUES ('159', '1412858433479', '127.0.0.1', '72ff7ff7-e581-4043-bcbf-f411b1e90486', 'testAdmin', '67', '0', '', '1');
INSERT INTO `userlog` VALUES ('160', '1412858434090', '127.0.0.1', '72ff7ff7-e581-4043-bcbf-f411b1e90486', 'testAdmin', '67', '0', '', '1');
INSERT INTO `userlog` VALUES ('161', '1412858592474', '127.0.0.1', '72ff7ff7-e581-4043-bcbf-f411b1e90486', 'testAdmin', '45', '0', '', '1');
INSERT INTO `userlog` VALUES ('162', '1412858608251', '127.0.0.1', '72ff7ff7-e581-4043-bcbf-f411b1e90486', 'testAdmin', '45', '0', '', '1');
INSERT INTO `userlog` VALUES ('163', '1412858611167', '127.0.0.1', '72ff7ff7-e581-4043-bcbf-f411b1e90486', 'testAdmin', '44', '0', '', '1');
INSERT INTO `userlog` VALUES ('164', '1412858612619', '127.0.0.1', '72ff7ff7-e581-4043-bcbf-f411b1e90486', 'testAdmin', '44', '0', '', '1');
INSERT INTO `userlog` VALUES ('165', '1412858615055', '127.0.0.1', '72ff7ff7-e581-4043-bcbf-f411b1e90486', 'testAdmin', '47', '0', '', '1');
INSERT INTO `userlog` VALUES ('166', '1412858616293', '127.0.0.1', '72ff7ff7-e581-4043-bcbf-f411b1e90486', 'testAdmin', '44', '0', '', '1');
INSERT INTO `userlog` VALUES ('167', '1412858681120', '127.0.0.1', '72ff7ff7-e581-4043-bcbf-f411b1e90486', 'testAdmin', '13', '0', '', '1');
INSERT INTO `userlog` VALUES ('168', '1412858682502', '127.0.0.1', '72ff7ff7-e581-4043-bcbf-f411b1e90486', 'testAdmin', '13', '0', '', '1');
INSERT INTO `userlog` VALUES ('169', '1412858684768', '127.0.0.1', '72ff7ff7-e581-4043-bcbf-f411b1e90486', 'testAdmin', '13', '0', '', '1');
INSERT INTO `userlog` VALUES ('170', '1412858687391', '127.0.0.1', '72ff7ff7-e581-4043-bcbf-f411b1e90486', 'testAdmin', '13', '0', '', '1');
INSERT INTO `userlog` VALUES ('171', '1412858689788', '127.0.0.1', '72ff7ff7-e581-4043-bcbf-f411b1e90486', 'testAdmin', '13', '0', '', '1');
INSERT INTO `userlog` VALUES ('172', '1412858692405', '127.0.0.1', '72ff7ff7-e581-4043-bcbf-f411b1e90486', 'testAdmin', '13', '0', '', '1');
INSERT INTO `userlog` VALUES ('173', '1412858696700', '127.0.0.1', '72ff7ff7-e581-4043-bcbf-f411b1e90486', 'testAdmin', '17', '0', '', '1');
INSERT INTO `userlog` VALUES ('174', '1412858698214', '127.0.0.1', '72ff7ff7-e581-4043-bcbf-f411b1e90486', 'testAdmin', '17', '0', '', '1');
INSERT INTO `userlog` VALUES ('175', '1412858707344', '127.0.0.1', '72ff7ff7-e581-4043-bcbf-f411b1e90486', 'testAdmin', '17', '0', '', '1');
INSERT INTO `userlog` VALUES ('176', '1412858712759', '127.0.0.1', '72ff7ff7-e581-4043-bcbf-f411b1e90486', 'testAdmin', '13', '0', '', '1');
INSERT INTO `userlog` VALUES ('177', '1412858729824', '127.0.0.1', '72ff7ff7-e581-4043-bcbf-f411b1e90486', 'testAdmin', '13', '0', '', '1');
INSERT INTO `userlog` VALUES ('178', '1412858733975', '127.0.0.1', '72ff7ff7-e581-4043-bcbf-f411b1e90486', 'testAdmin', '13', '0', '', '1');
INSERT INTO `userlog` VALUES ('179', '1412858735695', '127.0.0.1', '72ff7ff7-e581-4043-bcbf-f411b1e90486', 'testAdmin', '13', '0', '', '1');
INSERT INTO `userlog` VALUES ('180', '1412858869671', '127.0.0.1', '72ff7ff7-e581-4043-bcbf-f411b1e90486', 'testAdmin', '13', '0', '', '1');
INSERT INTO `userlog` VALUES ('181', '1412859025859', '127.0.0.1', '72ff7ff7-e581-4043-bcbf-f411b1e90486', 'testAdmin', '58', '0', '/', '1');
INSERT INTO `userlog` VALUES ('182', '1412859029849', '127.0.0.1', '72ff7ff7-e581-4043-bcbf-f411b1e90486', 'testAdmin', '60', '0', '/', '1');
INSERT INTO `userlog` VALUES ('183', '1412859031148', '127.0.0.1', '72ff7ff7-e581-4043-bcbf-f411b1e90486', 'testAdmin', '58', '0', '/', '1');
INSERT INTO `userlog` VALUES ('184', '1412859044612', '127.0.0.1', '72ff7ff7-e581-4043-bcbf-f411b1e90486', 'testAdmin', '61', '0', '/', '1');
INSERT INTO `userlog` VALUES ('185', '1412859045789', '127.0.0.1', '72ff7ff7-e581-4043-bcbf-f411b1e90486', 'testAdmin', '58', '0', '/', '1');
INSERT INTO `userlog` VALUES ('186', '1412859083178', '127.0.0.1', '72ff7ff7-e581-4043-bcbf-f411b1e90486', 'testAdmin', '58', '0', '/', '1');
INSERT INTO `userlog` VALUES ('187', '1412859085801', '127.0.0.1', '72ff7ff7-e581-4043-bcbf-f411b1e90486', 'testAdmin', '58', '0', '/', '1');
INSERT INTO `userlog` VALUES ('188', '1412859097515', '127.0.0.1', '72ff7ff7-e581-4043-bcbf-f411b1e90486', 'testAdmin', '60', '0', '/', '1');
INSERT INTO `userlog` VALUES ('189', '1412859098889', '127.0.0.1', '72ff7ff7-e581-4043-bcbf-f411b1e90486', 'testAdmin', '58', '0', '/', '1');
